ID,Raw.Material,Mass,Length,Width,Percent.Cortex,N.Flake.Scars,Flake.scar.direction,Platform.facets,flake.seq,PerMass
25591,BQU,33.4,47.1,38.78,0.25,6,3,0,5,
24886,FNY,8.1,38.71,25.83,1,0,0,0,0,
25299,FNY,8.1,31.81,24.24,0.25,5,4,0,8,
25495,FNY,10.6,36.24,31.82,0.25,2,1,0,1,
25644,FNY,20.5,43.41,29.97,1,0,0,0,0,
25819,FNY,8.7,37.28,27.69,0.25,3,2,0,2,
25311,FNY,32.5,51.96,47.81,0.25,2,1,0,1,
25230,NYR,2.8,28.6,21.56,0.25,1,1,0,0,
25289,NYR,7.2,35.86,18.05,0.75,2,1,0,1,
24885,OGR,6.6,31.34,19.66,0.25,2,1,0,1,
77,BBA,24.87,40.64,41.78,0,4,2,1,6,11.26135349
890,BBA,6.35,29.91,18.98,0.2,4,2,1,6,10.73546799
8326,BBA,3.04,25.48,16.85,0,4,2,1,6,14.2319677
11686,BBA,7.83,35.01,16.11,0,6,3,1,10,11.25839579
15922,BBA,14.61,29.47,28.61,0.8,2,2,1,6,9.08326934
20934,BBA,7.85,32.9,22.89,0,7,3,1,11,10.30684762
D0620A,BBA,7.93,29.53,28.61,0.2,5,2,1,6,11.57909566
K0723A,BBA,1.68,19.21,12.63,0.8,2,2,1,6,13.92084942
574,BFE,16.75,35.36,38.41,0.95,3,2,1,6,12.72816275
615,BFE,3.98,30.54,14.98,0,6,4,1,15,17.12492471
2910,BFE,11.9,22.71,33.22,0,6,3,1,10,10.40888448
3043,BFE,7.05,28.78,21.9,0,5,3,1,10,16.0963417
5761,BFE,29.58,35.72,44.53,1,1,1,1,3,13.01973341
6234,BFE,10,45.77,18.76,0.05,5,2,1,6,12.32964297
8660,BFE,46.9,43.06,48.65,0.2,7,2,1,7,11.43224067
8968,BFE,25.93,42.43,37.59,0.8,4,3,1,10,13.62012646
10295,BFE,30.39,57.81,36.54,0.8,2,2,1,6,12.35309145
11133,BFE,36.48,45.71,40.38,1,1,1,1,3,12.50476886
19989,BFE,13.63,29.92,33.14,0.05,5,2,1,6,11.98890197
21191,BFE,5.89,34.61,21.13,0.6,4,2,1,6,15.35397861
ARA40AE,BFE,12.39,24.09,42.01,0.6,3,2,1,6,10.68531021
ARA54AA,BFE,20.09,26.09,51.33,0.4,3,2,1,6,11.86487265
ARA63AA,BFE,62.37,53.65,51.97,1,1,1,1,3,12.10954953
ARA80AB,BFE,230.17,91.67,74.02,1,1,1,1,3,12.92338646
F0648A,BFE,6.18,25.33,30.91,0.05,6,3,1,10,13.59615425
L1031A,BFE,1.37,15.56,13.96,0,3,1,1,3,25.83066771
24849,BFE,10.3,42.05,30.28,0.6,1,1,1,3,
24994,BFE,13.1,42.69,31.29,0.25,3,2,1,6,
25303,BFE,45.8,49.26,44.8,0,5,2,1,6,
25383,BFE,9.2,42.33,25.95,0,2,1,1,3,
25468,BFE,25.2,56.33,31.53,0.25,3,2,1,6,
25536,BFE,39.3,55.7,47.7,0,5,3,1,10,
1321,BQU,12.56,38.5,19.06,0.2,5,3,1,10,
3817,BQU,14.24,38.89,27.93,0,5,3,1,10,11.34503005
4386,BQU,7.29,34.7,26.36,0.05,4,2,1,6,12.75264517
9362,BQU,20.9,50.99,28.09,0.6,4,2,1,6,13.16876982
9466,BQU,21.19,28.73,42.32,0.8,3,1,1,3,9.166090753
10908,BQU,20.07,33.3,30.31,0,5,4,1,14,9.283318899
11100,BQU,6.13,30.07,22.24,1,1,1,1,3,10.98243464
12167,BQU,1.47,19.81,11.49,0,3,2,1,6,14.74164735
19149,BQU,41.83,37.18,37.41,0.4,5,3,1,10,10.96002519
21217,BQU,5.53,35.24,17.5,1,1,1,1,3,11.84666075
22180,BQU,12.07,34.14,23.98,0,4,2,1,6,10.6004289
ARA75AC,BQU,5.66,26.14,15.74,0.05,3,2,1,6,9.974811244
ARB24BM,BQU,14.38,25.3,34.48,0.05,7,3,1,11,
ARD01DD,BQU,7.15,25.73,19.23,0.2,4,2,1,6,11.35149386
ARD12DA,BQU,34.75,32.74,33.71,0.6,7,4,1,15,9.174801888
K0515A,BQU,8.02,23.87,26.21,0.2,3,2,1,6,
K0808A,BQU,4.12,28.54,21.09,0,4,2,1,6,6.331862686
N1223A,BQU,7.54,19.54,32.34,0,5,3,1,10,
25438,BQU,3.6,25.04,22.5,0,1,1,1,3,
25840,BQU,72.7,74.52,53.22,0.4,3,2,1,6,
25289,BQU,7.9,31.53,28.89,0.25,1,1,1,3,
34,FNY,18.76,42.68,27.63,0.05,5,3,1,10,
69,FNY,6.08,31.24,25.76,0.05,5,2,1,6,
71,FNY,16.65,38.95,27.24,0.4,3,1,1,3,
117,FNY,26.79,33.21,39.16,0.6,4,2,1,6,
125,FNY,12.78,34.63,31.53,0.2,5,2,1,6,
167,FNY,16.36,23.58,35.35,0.2,4,2,1,6,
179,FNY,71.72,72.76,38.99,1,1,1,1,3,
261,FNY,25.05,31.28,26.37,1,1,1,1,3,
294,FNY,16.89,42.6,19.4,0.6,3,2,1,6,
304,FNY,61.64,47.53,47.11,1,1,1,1,3,
307,FNY,1.82,15.06,23.46,0.8,3,1,1,3,
370,FNY,23.94,50.04,27.04,0.2,4,1,1,3,
373,FNY,6.35,30.71,21.12,0.8,2,2,1,6,
404,FNY,18.47,34,30.12,0.8,2,1,1,3,
416,FNY,4.93,17.03,22.36,0.4,3,1,1,3,
475,FNY,13.31,28.3,27.42,0.8,2,1,1,3,
486,FNY,31.5,47.69,24.86,1,1,1,1,3,
568,FNY,13.13,30.31,22.91,0.95,2,1,1,3,
585,FNY,12.89,35.19,23.27,0.2,3,2,1,6,
593,FNY,7.02,22.39,34.21,0,3,2,1,6,
604,FNY,9.57,20.24,38.89,1,1,1,1,3,
625,FNY,22.95,29.34,36.6,0.6,2,1,1,3,
730,FNY,8.34,28.85,26.11,0.05,5,2,1,6,
805,FNY,7.57,30.54,30.01,0,6,3,1,10,
825,FNY,12.76,37.34,24.41,0.6,2,2,1,6,
849,FNY,8.96,38.75,20.74,0.6,3,1,1,3,
850,FNY,56.24,34.02,36.78,0.8,2,1,1,3,
873,FNY,12.11,33.45,24.52,0.8,3,1,1,3,
886,FNY,6.38,35.63,17.33,0.8,2,2,1,6,
942,FNY,15.49,35.2,23.07,0.6,2,2,1,6,
943,FNY,5.31,28.04,21.27,0.6,2,1,1,3,
945,FNY,22.04,33.06,28.88,0.2,5,2,1,6,
965,FNY,5.27,27.3,21.37,1,1,1,1,3,
1044,FNY,6.7,33.39,21.83,0.8,2,1,1,3,
1107,FNY,12.99,41.63,21.43,0.8,2,1,1,3,
1322,FNY,6.05,32.76,20.33,0,3,2,1,6,
1325,FNY,5.1,23.56,17.68,0.4,2,2,1,6,
1338,FNY,6.75,23.99,24.4,0.95,2,1,1,3,
1361,FNY,8.13,33.31,22.68,0.2,2,1,1,3,
1527,FNY,2.23,16.47,19.72,1,1,1,1,3,
1540,FNY,8.51,33.49,24.89,1,1,1,1,3,
1589,FNY,7.04,27.2,26.09,0.8,2,1,1,3,
1835,FNY,7.55,24.95,22.89,0.4,4,2,1,6,
1915,FNY,5.05,20.48,26.25,1,1,1,1,3,
2086,FNY,7.2,29.57,21.95,0.6,2,1,1,3,
2102,FNY,11.32,27.82,35.98,1,1,1,1,3,
2124,FNY,3.71,26.07,13,0.4,3,2,1,6,
2177,FNY,9.72,19.03,30.22,0.2,3,1,1,3,
2199,FNY,15.91,21.99,19.59,1,1,1,1,3,
2353,FNY,1.76,16.86,15.66,0.2,3,2,1,6,
2543,FNY,16.61,31.9,32.48,0.4,2,1,1,3,
2560,FNY,78.66,60.83,46.39,0.4,4,2,1,6,
2662,FNY,74.87,48.47,32.14,1,1,1,1,3,
2875,FNY,10.63,31.43,26.06,0.4,1,1,1,3,
2908,FNY,5.49,26.11,15.15,0.6,2,1,1,3,
3072,FNY,3.29,18.54,32.71,1,1,1,1,3,
3093,FNY,3.64,29.47,19.12,0,3,1,1,3,
3112,FNY,15.47,34.92,29.95,0,3,1,1,3,
3131,FNY,3.99,19.55,17.68,0.4,3,1,1,3,
3178,FNY,40.57,43.15,37.75,0.8,2,2,1,6,
3193,FNY,16.23,34.56,29.95,0,4,3,1,10,
3231,FNY,16.81,34.45,25.45,0.8,2,2,1,6,
3237,FNY,2.71,21.64,21.67,0.4,3,1,1,3,
3332,FNY,12.36,52.01,16.69,0.6,3,1,1,3,
3380,FNY,20.78,34.96,37.23,0.4,2,1,1,3,
3391,FNY,24.48,31.57,33.13,0.8,3,1,1,3,
3468,FNY,66.25,58.26,46.75,0.8,2,2,1,6,
3490,FNY,5.19,22.33,21.94,0.6,2,1,1,3,
3502,FNY,86.32,64.18,38.33,0.8,2,1,1,3,
3518,FNY,9.44,42.21,15.75,0.6,2,1,1,3,
3633,FNY,17.06,31.54,34.76,1,1,1,1,3,
3876,FNY,83.52,41.82,54.55,1,1,1,1,3,8.230582996
3961,FNY,12.42,45.05,24.05,0.05,3,1,1,3,9.567701999
4447,FNY,13.64,33.67,27.71,0.8,3,1,1,3,9.09448857
4656,FNY,10.29,17.73,36.28,1,1,1,1,3,7.875033445
4777,FNY,47.32,37.57,34,0.6,2,1,1,3,6.786899388
5156,FNY,10.11,45.23,20.95,0,5,1,1,4,11.54235223
5172,FNY,8.01,30.04,23.99,0.2,3,2,1,6,8.850718113
5194,FNY,7.71,21.81,25.57,0.2,3,1,1,3,8.25515971
5353,FNY,25.77,32.96,30.16,0.2,6,2,1,7,8.349394879
5356,FNY,10.96,32.44,24.32,0.2,4,2,1,6,6.940506261
5449,FNY,54.41,42.4,44.94,0.4,3,1,1,3,9.239567267
5556,FNY,12.46,33.36,28.65,0.2,3,1,1,3,9.760460757
5660,FNY,5.17,24.76,22.75,0.2,2,1,1,3,11.16052838
5684,FNY,12.53,25.41,26.86,0.4,2,2,1,6,7.955464978
5796,FNY,11.09,30.39,24.91,0.05,3,1,1,3,8.63800149
5810,FNY,3.77,21.09,21.4,0.05,3,2,1,6,11.64301549
5902,FNY,4.62,24.36,23.49,0,3,2,1,6,11.40400941
6189,FNY,10.61,36.93,23.86,0.8,1,1,1,3,7.954304766
6191,FNY,24.12,49.62,35.16,1,1,1,1,3,10.29985554
6264,FNY,12.78,47.93,16.05,0.6,2,1,1,3,13.29823165
6338,FNY,5.51,29.13,16.15,0.2,4,2,1,6,9.734740747
6342,FNY,5.19,22.95,25.99,1,1,1,1,3,8.993411769
6412,FNY,3.02,26.27,17.91,0.05,3,1,1,3,10.50931182
6615,FNY,5.24,20.79,24.16,0.2,2,1,1,3,11.80857894
6885,FNY,26.14,52.61,25.31,1,1,1,1,3,8.203068676
6921,FNY,5.23,33.51,14.5,0,4,1,1,4,8.848465411
7210,FNY,4.59,29.1,22.97,0.4,4,1,1,4,NA
7676,FNY,7.67,23.2,27.66,0.8,2,1,1,3,9.445436691
7787,FNY,4.36,23.3,23.36,0,3,1,1,3,9.188595081
7851,FNY,17.89,27.84,33.33,0.4,2,1,1,3,8.862025379
7931,FNY,10.04,19.69,33.57,1,1,1,1,3,8.753854964
8293,FNY,14.91,33.66,35.79,0.2,3,2,1,6,9.461830869
8514,FNY,20.62,32.69,29.45,0.2,3,2,1,6,7.940933303
9400,FNY,38.06,46.21,32.4,0.4,4,2,1,6,7.231115711
9918,FNY,5.37,24.56,23.4,1,1,1,1,3,8.219967501
10094,FNY,8.2,22.67,31.27,0.6,3,1,1,3,8.383587934
10095,FNY,18.27,40.77,26.78,0.8,2,1,1,3,7.961822387
10194,FNY,4.28,26.33,19.51,0,4,2,1,6,10.17112506
10444,FNY,24.39,37.1,35.67,0.2,4,1,1,3,8.478903863
10528,FNY,9.78,32.51,23.65,1,1,1,1,3,9.761589061
10558,FNY,26.61,45.19,35.83,0.8,2,1,1,3,9.624816689
10686,FNY,14.73,35.81,21.82,0.8,2,1,1,3,9.45076339
10692,FNY,17.05,24.59,33.5,0.8,2,1,1,3,10.80003675
10724,FNY,71.31,55.76,43.4,1,1,1,1,3,9.116832475
10809,FNY,4.21,23.57,18.56,0.2,2,1,1,3,10.30916728
11095,FNY,3.91,14.24,18.49,0.8,2,2,1,6,7.278446981
11097,FNY,14.54,32.59,24.26,0.4,3,1,1,3,9.240833124
11122,FNY,16.22,21.81,32.61,1,1,1,1,3,9.166420841
11285,FNY,9.498,23.89,33.32,0.05,4,2,1,6,9.225285872
11407,FNY,9.04,32.78,20.34,0.4,3,2,1,6,8.215756238
11410,FNY,5.27,24.11,24.51,0.05,2,1,1,3,11.08787144
11431,FNY,31.45,40.91,3.95,0.4,2,2,1,6,8.125913539
11456,FNY,13.65,51.83,18.74,0.8,2,2,1,6,
11549,FNY,19.71,24.14,30.9,0.6,3,1,1,3,6.214954934
11620,FNY,5.28,38.36,13.65,0.6,2,1,1,3,9.79999435
11637,FNY,11.04,19.15,28.86,0.8,2,1,1,3,7.94909259
11651,FNY,5.2,29.23,14.7,0.8,2,1,1,3,8.480654314
11659,FNY,8.05,24.13,21.43,0.4,3,1,1,3,7.620353135
11666,FNY,6.04,21.44,22.45,0.2,2,2,1,6,8.034709386
11766,FNY,10.28,26.53,29.53,1,1,1,1,3,9.018262793
11865,FNY,17.99,39.91,24.73,1,1,1,1,3,9.0651339
12063,FNY,3.67,18.4,20.7,0.2,2,1,1,3,12.28117838
12102,FNY,50.9,54.97,36.21,1,1,1,1,3,9.19443804
12240,FNY,18.97,39.58,27.86,0.95,2,2,1,6,8.482148614
12294,FNY,19.68,40.35,35.81,0.8,2,2,1,6,9.623347541
12477,FNY,41.45,44.04,43.55,0,5,3,1,10,9.515456875
12513,FNY,30.4,35.1,36.9,0.8,2,2,1,6,8.363786512
12600,FNY,12.37,37.7,28.76,0.2,6,2,1,7,10.49611078
12632,FNY,21.44,38.21,29.57,0.2,3,1,1,3,9.755571473
12839,FNY,13.25,15.34,37.89,1,1,1,1,3,7.106859387
12854,FNY,13.08,34.89,24.12,0.8,3,1,1,3,8.93259297
13129,FNY,5.23,19.22,25.5,0.6,2,1,1,3,8.2065426
13258,FNY,5.29,30.16,18.05,0.2,3,1,1,3,8.677135666
13277,FNY,6.73,23.15,22.11,0.05,3,2,1,6,10.04301502
13587,FNY,22.16,32.43,33.84,0.8,3,1,1,3,8.353248289
13712,FNY,37.16,40.58,28.4,0.6,3,2,1,6,9.250077525
13811,FNY,7.82,24.93,22.91,0.4,3,1,1,3,7.604694765
13930,FNY,2.56,24.01,15.75,0.8,2,1,1,3,13.31036364
13983,FNY,8.38,18.58,28.49,0.05,4,1,1,4,8.23902141
14140,FNY,14.94,33.56,20.18,0.95,3,1,1,3,7.617537626
14484,FNY,12.41,30.68,20.51,0.2,4,1,1,3,8.169030435
14512,FNY,8.05,28.49,25.82,1,1,1,1,3,8.832919615
14530,FNY,22.03,25.36,40.01,0.05,4,1,1,3,9.183040203
14532,FNY,7.05,30.95,27.32,0.2,4,2,1,6,9.295692531
14670,FNY,7.71,31.42,20.14,0,4,2,1,6,10.44660675
14775,FNY,11.46,36.5,18.87,0.6,4,2,1,6,9.465841364
14797,FNY,1.84,16.98,11.6,0.2,3,1,1,3,18.3976673
14911,FNY,13.07,32.39,21.02,0,3,2,1,6,10.31094737
14959,FNY,4.39,20.63,20.13,0,4,2,1,6,10.73007183
15124,FNY,11.12,27.62,25.16,0,3,1,1,3,8.730943356
15213,FNY,4.24,20.22,24.4,0,3,2,1,6,10.69048454
15224,FNY,23.91,46.71,18.84,1,1,1,1,3,10.07609906
15274,FNY,22.63,35.44,25.59,0.6,2,1,1,3,6.887695577
15682,FNY,36.36,46.81,44.76,0.05,3,1,1,3,7.72064804
15794,FNY,26.82,31.12,39.26,0,5,2,1,6,8.737451269
15900,FNY,18.81,40.67,26.18,0.95,2,1,1,3,11.69726393
15942,FNY,12.27,23.51,28.16,0.95,2,1,1,3,8.095320499
16200,FNY,6.67,21.63,30.47,0.95,2,1,1,3,14.85089156
16263,FNY,8.32,17.05,22.61,0.6,2,2,1,6,11.57397961
16270,FNY,30.77,31.68,30.36,0.4,5,2,1,6,8.222275935
16314,FNY,9.02,31.9,28.31,0.4,2,2,1,6,9.41183315
16372,FNY,7.25,17.79,27.15,0,4,3,1,10,12.99574301
16596,FNY,29.74,59.02,31.59,1,1,1,1,3,10.47923608
16641,FNY,20.97,41.81,25.52,0.6,3,2,1,6,8.928105268
16691,FNY,8.87,28.6,27.4,0.2,3,2,1,6,15.80984494
16710,FNY,35.3,32.44,39.26,1,1,1,1,3,8.070995916
17012,FNY,7.28,26.5,20.66,0.4,3,2,1,6,9.128238648
17320,FNY,13.02,26.15,21.13,0.8,3,1,1,3,7.342502363
17324,FNY,15.59,36.08,33.61,0,5,2,1,6,9.124099663
17560,FNY,22.09,26.46,36.77,0.95,2,2,1,6,8.133933791
17738,FNY,10.03,30.4,20.52,0.6,2,1,1,3,8.613284978
17817,FNY,10.82,34.52,26.58,0.05,3,2,1,6,10.31122487
18523,FNY,30.06,41.45,32.6,0.4,2,1,1,3,9.261484089
18807,FNY,39.57,32.63,29.74,1,1,1,1,3,
19111,FNY,12.3,33.44,25.88,0.2,3,2,1,6,11.39830164
19586,FNY,8.91,32.99,19.98,0.8,2,2,1,6,9.918945206
19625,FNY,51.57,47.15,27.98,0.8,2,2,1,6,
20189,FNY,19.93,26.57,28.18,0.8,3,1,1,3,6.352358777
20225,FNY,34.25,19.66,42.37,1,1,1,1,3,8.195666383
20983,FNY,12.5,32.93,22.8,0.4,4,1,1,3,9.298138561
21114,FNY,25.04,46.54,28.53,1,1,1,1,3,8.582684574
21265,FNY,24.47,29.19,35.47,1,1,1,1,3,
21296,FNY,15.68,46.37,15.37,1,1,1,1,3,
21702,FNY,28.36,38.12,34.19,0.4,3,1,1,3,11.26890261
21850,FNY,11.15,24,22.59,0.8,2,2,1,6,9.994686608
21857,FNY,7.56,41.98,19.26,0.2,3,2,1,6,10.9815422
22000,FNY,27.33,49.62,32.41,0.95,2,2,1,6,10.03273153
22089,FNY,6.13,30.3,16.94,0,2,2,1,6,11.88620848
22798,FNY,29.79,34.13,37.5,0.6,5,2,1,6,7.148569429
22819,FNY,19.64,28.49,37.31,1,1,1,1,3,7.629060662
22862,FNY,9.71,37.56,23.66,0.2,3,2,1,6,8.904732724
22897,FNY,9.13,37.59,18.59,0.6,2,1,1,3,11.11763623
23091,FNY,5.76,23.75,19.65,0.2,3,1,1,3,9.747613961
23461,FNY,4.67,17.38,20.88,1,1,1,1,3,8.705078919
23550,FNY,6.79,20.98,31.75,0.05,3,1,1,3,10.10613735
23684,FNY,39.06,46.73,42.12,1,1,1,1,3,9.483930991
23773,FNY,15.56,23.38,35.86,0.8,2,2,1,6,10.4588753
23793,FNY,46.84,58.98,32.6,0.95,3,1,1,3,9.757165226
23939,FNY,3.63,19.44,23.81,0.6,2,1,1,3,10.84766557
23967,FNY,56.39,42.6,42.34,0.8,2,1,1,3,8.98321275
23988,FNY,9.94,39.07,22.67,0.4,2,1,1,3,7.892072467
24222,FNY,7.39,25.62,22.14,0.8,2,1,1,3,6.75498696
24584,FNY,12.42,33.86,30.14,0.8,2,1,1,3,8.920396859
21425B,FNY,28.92,41.74,33.86,0.8,2,1,1,3,9.54631889
ARA__BB,FNY,15.97,44.98,29.32,0,7,4,1,15,17.33781802
ARA48AG,FNY,6.03,26.38,26.44,0.2,5,2,1,7,11.8188052
ARA61AG,FNY,2.71,16.14,17.35,0.6,4,1,1,4,15.01649418
ARA63AK,FNY,18.18,46.89,28.89,0.6,4,2,1,6,11.41989785
ARA65AN,FNY,17.34,33.94,26.97,0.8,2,1,1,3,10.61422123
ARA77AC,FNY,10.55,34.42,26.91,0.2,4,1,1,3,8.724032722
ARD03DF,FNY,8.08,27.84,24.78,0,7,3,1,11,14.22628256
ARD06DB,FNY,19.66,38.38,37.22,1,1,1,1,3,10.26409688
ARD06DB,FNY,19.66,38.38,37.22,1,1,1,1,3,12.8200223
ARD19DA,FNY,9.67,35.91,24.42,0,4,1,1,3,13.00375674
F0633A,FNY,11.91,38.13,22.25,0.8,2,1,1,3,9.019500682
F1313A,FNY,13.1,36.95,24.53,0.4,5,1,1,4,8.832084229
F1336B,FNY,4.71,18.13,18.7,1,1,1,1,3,9.211825769
F1547D,FNY,2.13,19.66,17.79,0.05,3,2,1,6,10.55405057
G0624A,FNY,13.27,36.88,31.12,0,5,2,1,6,10.03963905
G1042B,FNY,1.18,14.04,17.3,0.8,2,1,1,3,11.49335313
G1141A,FNY,2.89,20.07,15.46,0.8,2,1,1,3,9.119423062
G1150A,FNY,4.28,16.98,23.4,0,3,1,1,3,9.645270977
G1245A,FNY,2.18,19.32,17.25,0.4,2,1,1,3,9.235170267
H1042A,FNY,2.6,15.6,15.99,0,3,2,1,6,9.527190679
H1230B,FNY,3.24,17.79,18.42,0.6,2,1,1,3,9.563797483
H1246A,FNY,4.86,24.45,20.14,0.2,4,2,1,6,9.376249971
H1547A,FNY,4.87,17.7,24.01,0.4,3,1,1,3,9.536347454
I0839A,FNY,2.46,17.65,28.28,0.2,3,1,1,3,11.70521196
I0842A,FNY,1.69,18.74,16.46,0,4,2,1,6,11.28557131
I0843C,FNY,4.93,22.81,19.8,0.4,3,2,1,6,6.89472562
I1346C,FNY,1.61,15.74,20.52,0.2,2,1,1,3,18.5051618
I1747A,FNY,5.21,25.2,25.23,0,3,2,1,6,11.09581793
J1039A,FNY,0.98,10.69,15.41,0,2,1,1,3,15.43827908
J1337A,FNY,6.77,31.57,17.78,0.4,3,2,1,6,9.388817002
J1343D,FNY,2.85,14.75,21.2,0.8,3,1,1,3,9.95796935
J2017C,FNY,2.2,21.53,14.97,0,4,2,1,6,9.304167478
J2018E,FNY,7.16,27.01,22.72,0.8,2,1,1,3,7.392862515
J2215H,FNY,17.36,36.83,28.81,1,1,1,1,3,8.291974494
J2218B,FNY,3.85,30.31,17.36,0.4,2,1,1,3,9.697528422
K0523A,FNY,3.19,18.42,26.34,0.05,2,1,1,3,11.52336613
K0726A,FNY,6.09,28.35,21.13,0.8,2,1,1,3,8.899116562
K1024B,FNY,4.14,19.08,20.05,1,1,1,1,3,8.453321754
K1318A,FNY,1.15,8.81,16.61,0,2,1,1,3,11.97214065
K1425A,FNY,5.56,26.29,19.43,0.4,3,1,1,3,9.450316705
K1426A,FNY,5.64,21.3,25.43,1,1,1,1,3,8.161348231
K1620A,FNY,4.1,29.8,14.65,0.8,3,1,1,3,10.91057857
K2216F,FNY,17.87,25.76,30.22,0.2,3,1,1,3,8.75548364
L0331A,FNY,4.84,26.16,27.6,0,4,2,1,6,11.48206222
L0818B,FNY,2.02,16.36,14.89,0,4,2,1,6,9.770692005
L0821C,FNY,1.94,17.07,16.48,0,4,2,1,6,10.05663894
L0923A,FNY,67.86,48.97,46.87,0.8,2,1,1,3,NA
L1231A,FNY,2.06,19.1,16.72,0.2,2,1,1,3,10.4792577
L1319A,FNY,11.87,31.74,35.42,0.05,3,1,1,3,9.318853567
L1319E,FNY,2.06,21.27,20.38,0.4,3,1,1,3,10.6645491
L1522A,FNY,3.76,26.95,18.02,0.4,4,1,1,4,9.179362719
M0231A,FNY,9.01,21.16,28.72,0.05,5,3,1,10,7.39678922
M0623A,FNY,1.8,18.08,16.63,0.2,3,1,1,3,11.67372525
M0722A,FNY,3.76,26.88,16.68,0.6,2,2,1,6,11.70294958
M1215A,FNY,11.69,39.04,22.13,0.05,5,2,1,6,8.491459796
M1525A,FNY,7.91,42.27,17.2,0.8,2,2,1,6,10.19078557
N0913A,FNY,2.87,26.85,11.59,1,1,1,1,3,10.22611514
N1115B,FNY,1.86,19.64,16.59,0,4,1,1,4,8.151351612
O0519A,FNY,8.14,33.73,20.08,1,1,1,1,3,
O1015A,FNY,12.88,42.31,19.02,0.8,2,1,1,3,11.62475705
Q1230H,FNY,1.81,14.47,17.36,0.2,4,1,1,4,12.01231131
Q1328A,FNY,6.27,25.95,22.62,1,1,1,1,3,12.58220201
S1123B,FNY,24.9,53.29,31.13,0.2,4,1,1,3,
24711,FNY,5.1,32.6,21.83,0,5,3,1,10,
24881,FNY,84.3,63.18,58.84,0.4,1,1,1,3,
25294,FNY,28.1,45.45,44.56,0.1,1,1,1,3,
25382,FNY,14.3,48.35,24.06,0.75,1,1,1,3,
25543,FNY,14.5,43.21,32.3,0.2,1,1,1,3,
25595,FNY,19.9,40.39,35.98,0.4,2,2,1,6,
25457(b),FNY,8.5,41.22,25.22,0.25,4,3,1,10,
25394,FNY,17.3,51.95,26.33,0.1,6,3,1,10,
25331,FNY,7.4,45.73,25.25,0.25,2,2,1,6,
1666,HLI,176.48,75.09,64.43,0.8,2,1,1,3,11.85292527
2064,HLI,20.92,37.28,25.67,0,3,2,1,6,9.051784719
2866,HLI,10.8,34.15,29.53,0,3,1,1,3,10.15783447
2992,HLI,26.73,40.13,32.19,0.05,4,1,1,3,10.98305654
3727,HLI,8.14,15.94,27.41,1,1,1,1,3,7.873489727
5518,HLI,6.07,33.84,19.2,1,1,1,1,3,11.30066001
5755,HLI,28.44,40.33,45.91,0,4,2,1,6,10.09845341
6902,HLI,4.27,25.58,15.57,0.2,3,2,1,6,11.28135252
11247,HLI,72.98,52.66,56.1,1,1,1,1,3,10.41669828
12077,HLI,16.08,36.03,24.82,0.4,3,1,1,3,9.184674599
13245,HLI,8.65,30.28,29.51,0.05,2,2,1,6,10.17137855
14316,HLI,4.43,24.52,27.51,0,2,1,1,3,12.42106984
14475,HLI,22.44,42.42,27.04,0.4,3,1,1,3,10.28790959
15319,HLI,36.03,40.03,33.45,0.6,3,1,1,3,9.181069089
20510,HLI,23.42,37.23,34.62,1,1,1,1,3,9.43256418
22172,HLI,5.27,13.64,18.14,0.6,2,1,1,3,11.34750825
ARA40AA,HLI,20.34,41.43,30.78,0,5,2,1,6,10.90359682
ARB02BA,HLI,33.89,47.91,53.22,1,1,1,1,3,11.63154776
G0618A,HLI,9.56,31.85,29.98,1,1,1,1,3,10.21819741
G0808A,HLI,4.24,21.52,23.03,0,2,1,1,3,11.45369338
H0810A,HLI,68.39,45.79,58.61,1,1,1,1,3,10.02880096
K0725C,HLI,4.9,24.33,17.3,0.4,2,1,1,3,10.03954051
K1011A,HLI,15.63,35.78,28.47,0.4,2,1,1,3,9.375929782
K1313A,HLI,2.95,23.08,18.54,0.4,2,1,1,3,13.76138111
25499,HLI,9.6,38.14,23.18,0,1,1,1,3,
25499,HLI,11.5,43.96,24.58,0.75,1,1,1,3,
2056,NYR,8.13,25.48,26.15,0,5,3,1,10,13.29556328
4125,NYR,3.16,28.79,16.92,0.05,4,2,1,6,
5369,NYR,5.59,24.26,19.98,0,7,4,1,15,
5998,NYR,7.71,31.63,23.39,0,6,3,1,10,
6658,NYR,17.31,38.55,30.82,0,5,2,1,6,
11702,NYR,38.59,44.83,32.34,0.6,2,2,1,6,10.59098244
14181,NYR,18.34,31.63,24.19,0.2,4,3,1,10,11.64438934
18608,NYR,51.61,63.56,53.79,1,1,1,1,3,13.04422374
18736,NYR,16.43,41.21,30.42,1,1,1,1,3,11.93912124
19072,NYR,5.15,25.64,20.58,0,5,2,1,7,14.85659741
ARA52AA,NYR,18.89,30.89,34.44,0.8,2,1,1,3,10.88065727
ARA63AB,NYR,16.43,31.13,30.63,0,6,3,1,10,10.21511858
ARD06DA,NYR,4.16,24.6,18.3,0,7,3,1,11,14.18649299
F0621A,NYR,3.87,27.27,15.59,0.6,3,2,1,6,13.68669617
G0808B,NYR,3.15,15.21,22.78,0.2,4,2,1,6,14.1736542
H1426A,NYR,3.45,20.98,16.84,0,4,2,1,6,
K0420C,NYR,2.77,23.13,18.35,0.05,5,3,1,10,14.95641428
L1325A,NYR,1.12,21.51,11.72,0.2,3,2,1,6,25.43391945
M1011A,NYR,2.35,18.76,20.74,0.05,6,2,1,7,
N1428A,NYR,1.94,19.49,19.22,0,4,2,1,6,18.25568215
P1018B,NYR,1.07,16.34,9.86,0,4,2,1,7,
25449,NYR,2.3,28.22,20.4,0,2,1,1,3,
25505,NYR,4.1,29.51,21.77,0,3,3,1,9,
25341,NYR,15.4,43.68,29.6,0.25,3,2,1,6,
25690,NYR,29.3,50.97,41.53,0.75,2,1,1,3,
3414,OGR,49.22,41.16,43.56,0,4,2,1,6,
10719,OGR,8.75,24.87,31.08,0.4,3,2,1,6,
13614,OGR,27.04,47.38,30.67,0,5,2,1,6,
ARA48AE,OGR,106.64,42.4,70.41,1,1,1,1,3,
ARD03DG,OGR,19.53,34.21,34.09,0.4,4,2,1,6,
ARD11DC,OGR,34.06,40.77,31.6,0.6,4,2,1,6,
25762,OGR,14.1,46.97,25.16,0,2,1,1,3,
25291,OGR,46.8,67.9,44,0.25,2,2,1,6,
288,BBA,8.72,29.86,31.31,0,5,2,2,13,11.43098676
360,BBA,21.44,48.7,31.76,0.05,5,3,2,17,10.99907375
441,BBA,19.14,46.25,29.41,0,5,2,2,12,11.35684406
1579,BBA,68.25,53.06,50.2,0.2,7,3,2,18,10.58997531
1829,BBA,10.65,20.74,35.26,0.4,3,2,2,12,8.937229953
3087,BBA,23.42,55.06,32.53,0.05,7,3,2,18,11.01066315
3151,BBA,14.29,40.19,23.85,0.05,6,3,2,18,11.26301561
3238,BBA,23.21,40.6,35.81,0.05,6,3,2,18,9.81940113
3325,BBA,20.24,52.94,31.84,0,5,2,2,12,12.00312386
3515,BBA,23.15,31.04,32.72,0.2,2,3,2,16,10.99125871
3902,BBA,13.62,28.57,43.58,0,5,2,2,12,10.97903674
5283,BBA,12.94,36.05,31.8,0.05,5,2,2,12,9.6481335
5661,BBA,12.51,28.59,32.43,0.2,5,3,2,17,9.808470821
9713,BBA,29.3,47.39,32.5,0.2,3,2,2,12,9.895759524
9875,BBA,4.48,24.96,22.12,0,4,2,2,12,12.19577302
10308,BBA,6.35,27.91,19.01,0.05,5,2,2,13,10.86244664
11092,BBA,7.12,21.22,19.68,0.05,5,2,2,13,8.949421188
11972,BBA,9.12,27.15,29.81,0.4,4,2,2,12,11.23181345
12093,BBA,9.27,14.79,31.55,0.05,4,2,2,12,10.32058624
12122,BBA,15.63,36.07,34.18,0.2,4,2,2,12,11.13120344
13194,BBA,8.44,39.09,30.73,0,4,2,2,12,12.35932937
13969,BBA,19.87,44.1,34.34,0.6,3,2,2,12,10.94335304
14558,BBA,12.94,40.93,28.49,0,5,2,2,12,11.10758848
14868,BBA,28.24,41.91,40.55,0,5,2,2,12,10.15022491
18229,BBA,46.71,54.85,47.89,0,6,3,2,17,12.1231299
18366,BBA,4.14,32.38,18.97,0.6,5,2,2,13,12.75734248
19923,BBA,20.59,34.59,35.3,0.6,4,2,2,12,10.2079618
21414,BBA,31.42,30.42,38.25,0,8,3,2,19,9.273152867
23095,BBA,8.31,33.96,22.95,0,6,3,2,18,11.36281916
23273,BBA,63.29,54.72,38.05,0.4,8,3,2,18,9.512519723
24200,BBA,16.75,48.62,31.58,0.05,7,3,2,18,11.47936188
24325,BBA,7.02,34.61,17.27,0.05,5,3,2,18,11.32524915
G0627A,BBA,3.55,20.87,21.38,0,4,2,2,12,13.78395579
G1227A,BBA,0.49,15.14,9.64,0,4,2,2,13,26.79196245
G1549A,BBA,5.92,28.84,20.33,0.2,4,2,2,12,10.45106095
J1634B,BBA,4.08,15.88,27.69,0.2,4,2,2,12,12.2969914
K1221A,BBA,1.89,20.97,19.6,0,4,2,2,12,14.97077955
K1324A,BBA,26.86,46.64,45.01,0.05,4,3,2,17,12.0486004
K1325A,BBA,17.51,38.36,31.78,0.6,2,1,2,8,10.51754181
K1630A,BBA,7.19,28.81,26.19,0,4,2,2,12,11.01519471
M0328A,BBA,4.79,30.99,19.26,0,4,2,2,12,15.18332958
N0916A,BBA,4.04,17.17,21.88,0,5,2,2,13,12.01542297
41,BFE,25.09,33.85,45.5,0,8,3,2,18,11.92397394
231,BFE,29.01,50.04,32.48,0.4,4,3,2,17,11.53482179
259,BFE,7.9,25.82,30.03,1,1,1,2,7,12.9767534
350,BFE,11.26,27.17,30.73,0.6,3,1,2,8,12.99046743
524,BFE,17.78,42.77,39.06,0,6,3,2,18,11.91807536
525,BFE,32.25,38.25,49.01,0.2,5,2,2,12,12.8992691
582,BFE,2.84,18.34,26.2,0,3,2,2,12,15.35088256
616,BFE,6.6,27.89,22.19,0.2,3,2,2,12,13.37399888
715,BFE,18.36,40.08,29.66,0.4,5,3,2,17,11.91229795
1154,BFE,2.33,23.25,17.34,0,4,2,2,12,21.51425794
1334,BFE,7.81,30.85,26.91,0.2,5,2,2,13,13.68288851
1394,BFE,22.23,47.91,32.17,0,7,4,2,24,11.64672538
2144,BFE,18.64,48.7,26.32,0,6,4,2,23,13.09214824
2174,BFE,15.12,31.2,33.68,0.6,3,2,2,12,12.46516135
2186,BFE,29.39,42.57,35.55,0.2,5,3,2,17,11.68115019
2595,BFE,60.22,54.81,53.97,0.4,6,3,2,18,13.20727973
3637,BFE,19.81,41.43,32.69,0.6,5,2,2,13,11.83367245
3736,BFE,7.17,22.7,24.23,0,5,2,2,13,11.49939308
3933,BFE,22.48,37.05,30.18,0,6,3,2,18,12.29300609
4148,BFE,20.08,38.39,27.95,0.05,6,3,2,18,11.24732276
4452,BFE,44.24,44.71,40.66,0.2,8,4,2,24,10.56463985
4835,BFE,46.64,58.3,32.52,0.2,6,3,2,18,12.52106894
4958,BFE,3.02,24.1,19.58,0,4,2,2,12,17.84100494
4985,BFE,8.22,37.86,27.99,1,1,1,2,7,13.94171132
5190,BFE,6.69,33.01,20.75,0.2,5,2,2,13,13.8950604
5418,BFE,41.64,39.27,47.06,0.2,6,3,2,18,10.93374155
5450,BFE,10.95,30.33,29.09,0.6,3,1,2,8,12.07572635
5656,BFE,12.69,34.51,20.28,0.2,5,3,2,18,11.60679336
5658,BFE,6.99,25.32,28.39,0,5,3,2,17,12.79712062
5854,BFE,77.38,66.73,44.54,0,8,4,2,24,13.78942428
5976,BFE,57.72,62.4,51.03,0.4,4,2,2,12,12.19480447
6233,BFE,17.09,43.41,25.19,0.6,4,2,2,12,10.34642991
6381,BFE,10.37,32.89,27.7,0.2,4,2,2,12,15.90322858
6570,BFE,8.85,28.43,23.49,0,5,3,2,17,11.71690708
6581,BFE,14.8,29.87,38.31,0.4,4,2,2,12,12.53903236
6657,BFE,5.1,33.33,22.24,0.6,4,1,2,8,16.23521663
6783,BFE,12.39,50.81,21.73,0,5,3,2,17,16.17883763
7035,BFE,3.41,18.6,19.19,1,1,1,2,8,16.88291201
7783,BFE,6.73,23.42,24.63,0,5,3,2,18,13.69092631
8423,BFE,5.65,23.49,20.21,0.2,3,2,2,12,14.88779503
9156,BFE,51.81,35.23,43.61,0,6,3,2,18,11.39479641
9384,BFE,4.59,20.3,31.96,0.95,2,1,2,8,17.67432607
9980,BFE,6.48,16.69,29.09,0.2,4,2,2,12,12.31259907
10488,BFE,8.77,27.91,18.13,0,5,3,2,18,11.30423422
11078,BFE,21.39,22.08,45.46,0.6,4,2,2,12,12.46616716
11144,BFE,14.61,35.83,29.35,0.05,5,1,2,8,16.15548274
11357,BFE,25.94,43.99,41.89,0.05,5,3,2,17,9.34006047
11626,BFE,16.26,37.55,37.76,0,4,2,2,12,12.23888501
11813,BFE,11.3,39.64,23.11,0,6,3,2,18,13.42318689
12132,BFE,20.33,33.04,30.2,0.2,4,2,2,12,11.45982302
12907,BFE,2.88,25.25,16.45,0.4,3,1,2,8,19.22450763
13344,BFE,11.62,33.72,34.44,0.95,3,1,2,8,11.82497559
13624,BFE,5.32,27.36,17.62,0.4,2,2,2,12,14.14981684
13691,BFE,17.84,32.96,40.64,0.95,3,2,2,12,11.65416251
13842,BFE,17.43,38.32,31.86,0.2,7,4,2,24,12.54814863
14170,BFE,72.68,37.4,69.17,0.2,5,3,2,17,12.29550149
15141,BFE,21.52,43.46,31.34,0.2,4,2,2,12,10.65380512
15494,BFE,7.84,33.06,24.2,0.2,3,1,2,8,13.65097901
16084,BFE,6.34,31.53,18.46,0,5,3,2,18,12.41775318
20281,BFE,6.92,35.24,21.44,0.4,4,2,2,12,12.48435031
21846,BFE,27.77,48.66,28.13,0.05,6,3,2,18,10.12378946
21959,BFE,13.63,41.5,33.41,0.4,5,3,2,17,10.65870884
22751,BFE,8.54,33.65,27.76,0.6,4,2,2,12,11.04590675
22811,BFE,8.59,33.01,28.86,0,5,3,2,17,11.82499488
23753,BFE,29.57,48.58,23.68,0.4,6,3,2,18,12.15246444
23886,BFE,18.82,40.22,36.85,0.2,5,2,2,12,10.52344583
1024BO,BFE,0.67,11.3,12.26,0,4,2,2,13,21.73166616
ARA--D,BFE,53.74,52.45,44.98,0.05,4,2,2,12,
ARA--V,BFE,20.36,42.97,29.26,0,6,4,2,23,10.54451477
ARA06AE,BFE,17.84,39.53,26.41,0.05,5,3,2,17,
ARA24BC,BFE,14.98,30.58,31.38,0.05,5,3,2,17,10.35247627
ARA44AA,BFE,20.62,40.31,31.32,0,4,2,2,12,14.03147932
ARA49AB,BFE,22.26,35.56,30.77,0.4,6,2,2,13,10.35409005
ARA60AE,BFE,31.83,43.48,33.19,0.4,3,2,2,12,10.98088751
ARA63AE,BFE,4.47,23.13,23.27,0.2,6,2,2,13,15.48807085
ARA65AE,BFE,18.47,45.6,30.67,0,6,3,2,18,13.53378378
ARA65AH,BFE,22.83,41.18,35.97,0.05,7,4,2,24,9.911961145
ARA69AF,BFE,7.65,35.23,25.82,0.2,5,2,2,13,11.760737
ARD05DA,BFE,24.51,28.24,39.62,0.05,6,4,2,23,10.04471099
ARD21DB,BFE,53.45,41.49,46.82,0.4,3,2,2,12,10.3053121
ARD25DF,BFE,1.85,23.37,11.59,0,4,2,2,12,23.67840322
ARD27D,BFE,14.96,30.62,26.38,0,6,3,2,18,11.18838907
ARD27DE,BFE,3.53,24.95,15.55,0,4,2,2,12,17.71076336
ARD28DB,BFE,20.48,39.1,27.12,0.2,4,2,2,12,9.316577069
F0742A,BFE,1.8,13.22,18.24,0,4,2,2,13,17.01859179
I1546A,BFE,2.34,21.52,20.32,0.05,2,2,2,12,15.98101473
J1251B,BFE,1.38,18.02,13.64,0,2,1,2,8,19.83658283
J2215C,BFE,14.66,39.94,33.07,0.2,5,2,2,12,15.03190818
K1106C,BFE,4.15,37.76,13.06,0,4,3,2,17,15.84698713
M1532A,BFE,10.84,39.66,23.94,0.6,3,2,2,12,12.10227735
S1124A,BFE,21.25,48.49,25.59,0.2,6,2,2,13,13.38944416
25181,BFE,16.3,52.46,36.3,0,5,2,2,12,
25216,BFE,50.2,54.9,52.53,0.75,2,1,2,8,
25330,BFE,52,55.38,46.95,0.75,1,1,2,7,
20,BQU,58.41,54.59,49.41,0.2,5,3,2,17,9.77585851
374,BQU,87.41,59.07,56.04,1,1,1,2,7,11.85819857
529,BQU,43.22,57.37,41.1,0.8,4,2,2,12,11.57376223
1476,BQU,5.76,24.37,26.73,0,4,3,2,17,
2090,BQU,13.73,24.73,38.03,0.2,5,3,2,17,11.27201595
3123,BQU,22.07,42.39,30.72,0,5,2,2,12,12.53294461
3137,BQU,5.15,24.5,26.91,0.05,4,2,2,12,11.28315474
3195,BQU,1.28,13.49,17.43,0,5,2,2,13,15.29049224
3573,BQU,14.98,29.88,31.04,0,5,3,2,17,9.392005757
4839,BQU,7.45,27.06,29.41,0,6,3,2,18,11.24229873
4995,BQU,7.26,24.28,22.63,0.4,4,2,2,12,9.84863305
6151,BQU,20.09,47.18,23.84,0.4,4,3,2,17,11.42305531
6187,BQU,8.36,31.19,19.95,0,4,2,2,12,10.361629
7956,BQU,4.12,23.27,18.3,0,4,2,2,12,13.77754669
9160,BQU,25.1,37.57,31.89,0.4,5,2,2,13,
9442,BQU,11.14,41.28,24.9,0,3,2,2,12,11.48292328
9854,BQU,9.13,36.34,21.37,0.6,3,1,2,8,11.28967121
10052,BQU,15.78,22.77,29.98,0,5,3,2,17,
10254,BQU,17.66,31.25,39.95,0.4,4,2,2,12,11.58066347
10496,BQU,8.58,25.9,30.05,0,5,3,2,17,9.926984299
11177,BQU,4.98,24.58,28.1,0,5,3,2,17,12.61360251
11419,BQU,8.85,26.28,23.53,0,7,4,2,24,11.19749779
12110,BQU,5.38,22.92,18.73,0,5,3,2,18,13.09359995
12929,BQU,13.85,42.92,25.95,0.4,5,3,2,17,10.62107966
13131,BQU,3.97,18.04,20.31,0,5,2,2,13,
13201,BQU,14.28,31.24,30.09,0,5,2,2,13,11.33327871
14405,BQU,29.16,38.77,38.78,0.6,4,2,2,12,
14981,BQU,9.45,35.28,26.8,0.4,5,2,2,13,11.01640716
15492,BQU,22.3,29.45,44.02,0,4,2,2,12,10.95764444
15869,BQU,3.12,20.35,22.9,0.2,3,2,2,12,14.06576542
18431,BQU,8.45,29.71,24.77,0.6,4,3,2,17,12.09105536
20167,BQU,39.68,54.32,34.76,0,5,3,2,17,10.97005657
21152,BQU,11.44,41.47,20.62,0.6,4,2,2,12,11.45393365
22747,BQU,19.45,26.47,42.85,0.2,5,3,2,17,10.32964758
24041,BQU,5.24,34.58,16.53,0,4,2,2,12,12.20219824
24409,BQU,29.51,41.79,43.5,0.05,5,2,2,12,12.53197996
ARA--H,BQU,23.04,35.91,39.23,0.2,3,2,2,12,12.26560742
ARA06AB,BQU,86.94,60.23,49.66,0.6,4,2,2,12,10.18266529
ARA30AF,BQU,10.79,36.56,20.79,0.2,5,2,2,13,12.41607895
ARA49AC,BQU,49.76,43.36,42.84,0.4,9,3,2,19,6.232697326
ARA49AJ,BQU,26.61,46.22,30.98,0.2,4,2,2,12,10.02590854
ARA57AA,BQU,12.66,36.46,31.1,0,5,2,2,12,12.71917839
ARA75AA,BQU,10.82,30.97,26.12,0.05,6,3,2,18,9.255862614
ARB24BA,BQU,39.2,52.15,45.41,0.2,5,3,2,17,10.24381818
ARB37BA,BQU,8.59,30.18,24.66,0.4,4,3,2,17,11.23425439
ARD04DB,BQU,35.11,46.59,30.01,0,6,3,2,18,10.90312037
ARD06DB,BQU,6.28,19.03,28.73,0,4,2,2,12,10.26409688
ARD06DB,BQU,6.28,19.03,28.73,0,4,2,2,12,12.8200223
ARD19DB,BQU,10.91,42.23,20.83,0.2,5,3,2,17,10.94420604
ARD23DA,BQU,15.31,42.57,22.92,0,7,3,2,18,11.53033472
ARD28DC,BQU,43.5,59.71,42.11,0.8,3,2,2,12,12.00587242
D0613A,BQU,3.43,23.52,20.36,0.05,4,2,2,12,12.06830914
F0629B,BQU,4.26,23.52,20.26,0.2,4,2,2,12,11.54391757
F0650A,BQU,5.52,26.61,18.58,0,5,2,2,13,13.49221055
F1147A,BQU,3.85,20.84,23.18,0.05,4,2,2,12,11.206843
K1030A,BQU,2.55,16.14,21.09,0.8,2,1,2,8,12.45846377
L1115A,BQU,7.71,31.04,23.17,0.05,4,3,2,17,12.39763289
M1326A,BQU,3.68,29.52,15.09,0.2,3,2,2,12,13.34734107
10,FNY,12.5,37.46,29.2,0.2,3,1,2,8,
11,FNY,16.8,38.53,27.96,0.8,3,1,2,8,
31,FNY,10.31,41.88,22.9,0.95,2,1,2,8,
38,FNY,23.4,48.14,36.74,0.6,3,2,2,12,
74,FNY,20.51,67.83,26.09,0,6,2,2,13,
86,FNY,3.79,22.39,19.47,0.2,3,2,2,12,
155,FNY,25.02,50.86,23.89,0.6,5,2,2,13,
233,FNY,15.48,42.35,27.92,0.2,4,2,2,12,
272,FNY,22.78,33.26,32.4,0.4,3,1,2,8,
314,FNY,8.02,39.71,25.16,0.2,6,2,2,13,
400,FNY,16.46,38.8,22.88,1,1,1,2,7,
433,FNY,16.05,32.65,24.67,0.6,3,2,2,12,
600,FNY,12.87,36.84,33.92,0,6,2,2,13,
711,FNY,6.06,27.21,21.24,0.2,5,2,2,13,
724,FNY,4.93,23.77,25.87,0.6,2,1,2,8,
799,FNY,23.54,42.66,41.33,0.6,4,2,2,12,
855,FNY,13.76,26.32,28.89,0.8,2,1,2,8,
861,FNY,7.7,20.39,23.73,0,5,3,2,18,
862,FNY,13.75,38.41,26.79,0.4,4,2,2,12,
947,FNY,13.59,31.45,36.71,0.4,4,2,2,12,
985,FNY,12.9,30.74,28.55,0,6,2,2,13,
994,FNY,72.33,49.5,48.13,0.6,6,3,2,18,
1003,FNY,3.76,23.9,25.83,0.6,2,1,2,8,
1068,FNY,31.22,20.8,42.69,0.4,3,2,2,12,
1115,FNY,4.66,29.27,12.73,0,5,2,2,13,
1121,FNY,52.36,47.22,49.42,0.8,4,1,2,8,
1256,FNY,18.38,37.17,30.67,0.2,5,3,2,17,
1272,FNY,13.72,32.7,27.9,0.8,1,1,2,7,
1292,FNY,2.49,18,26.8,0.05,3,1,2,8,
1519,FNY,12.4,28.99,17.34,0.8,2,1,2,8,
1802,FNY,9.03,20.75,22.51,0.6,2,1,2,8,
1803,FNY,7.67,33.78,26.72,0.2,3,2,2,12,
1895,FNY,11.94,25.37,22.94,0.8,3,2,2,12,
1896,FNY,6.46,28.6,24.93,0.2,3,1,2,8,
2007,FNY,7.25,36.04,15.68,0.2,4,2,2,12,
2538,FNY,44.05,53.09,36.57,0.2,5,2,2,12,
2895,FNY,7.57,21.96,24.99,1,1,1,2,7,
2946,FNY,2.45,22.24,15.49,0,3,1,2,8,
2971,FNY,185.58,84.46,59.28,0.8,3,1,2,8,
3275,FNY,4.78,31.4,16.56,0.6,3,1,2,8,
3277,FNY,28.63,29.14,37.17,0.2,5,1,2,8,
3357,FNY,10.29,32.63,28.32,0.2,4,2,2,12,
3381,FNY,4.15,25.67,18.23,0,5,3,2,18,
3484,FNY,34.35,48.33,35.57,0.6,3,1,2,8,
3580,FNY,27.03,23.19,36.86,0.8,2,2,2,12,
3613,FNY,13.89,29.33,32.56,0.4,3,2,2,12,
3669,FNY,13.01,25.43,28.63,0.8,2,1,2,8,
3748,FNY,12.57,32.42,28.58,0.8,3,1,2,8,
3819,FNY,47.02,66.5,35.34,0.6,6,1,2,9,
3856,FNY,31.58,38.69,40.44,0,6,3,2,18,
3864,FNY,2.69,18.71,16.53,0,3,1,2,8,
3872,FNY,11.41,23.48,27.79,0.4,2,1,2,8,8.338119665
3878,FNY,20.62,44.01,35.48,1,1,1,2,7,8.525266131
4038,FNY,7.48,40.11,29.7,0,5,2,2,12,12.18230346
4585,FNY,9.76,39.35,19.47,0.8,2,2,2,12,10.19565312
4745,FNY,21.7,41.78,31.31,0.4,4,2,2,12,8.775643869
4873,FNY,4.09,29.51,21.91,0.05,2,1,2,8,10.08889288
4938,FNY,4.77,29.38,19.01,0,5,2,2,13,8.972959837
5044,FNY,9.73,30.73,24.39,0.05,6,2,2,13,7.752767471
5068,FNY,12.16,40.17,22.29,0.4,5,2,2,13,7.228016468
5097,FNY,14.77,39.47,26.04,0.05,4,2,2,12,7.98943629
5114,FNY,10.89,36.65,18.68,0.4,2,2,2,12,8.668301051
5175,FNY,36.61,49.52,44.32,0.2,6,2,2,13,8.734825673
5343,FNY,6.75,20.09,18.86,1,1,1,2,8,11.78452709
5448,FNY,7.62,33.93,22.27,0.4,2,1,2,8,9.866304985
5697,FNY,6.29,34.8,27.36,0.8,2,1,2,8,11.66069201
6126,FNY,33.27,39.14,32.14,0.95,2,1,2,8,9.322997267
6184,FNY,37.53,30.48,41.66,0.8,3,2,2,12,7.995969179
6188,FNY,14.66,28.38,38.69,0.05,2,1,2,8,8.461725598
6190,FNY,27.93,47.13,32.85,0.05,5,2,2,12,10.49031131
6235,FNY,15.05,32.9,25.93,0.2,3,2,2,12,9.216283757
6728,FNY,18.57,27.01,28.16,0.2,4,2,2,12,9.453458291
6840,FNY,11.27,39.04,29.28,0.2,3,1,2,8,9.615697555
6937,FNY,3.17,18.88,17.35,0,4,1,2,8,10.27193944
6940,FNY,3.37,19.61,15.11,0,3,1,2,8,7.556815421
7149,FNY,8.91,20.6,31.24,0.6,2,1,2,8,7.890982725
7174,FNY,1.58,18.78,18.47,0.6,2,1,2,8,
7260,FNY,7.47,33.02,20.42,0.2,4,1,2,8,8.761876664
7350,FNY,39.87,43.68,39.17,0.8,2,1,2,8,8.30952058
7465,FNY,13.36,30.82,31.27,0.6,2,1,2,8,8.304855142
7575,FNY,13.12,22.63,27.52,0.8,2,2,2,12,7.992453199
7663,FNY,4.24,29.49,16.75,0.2,5,2,2,13,9.828572909
7765,FNY,1.85,21.74,14.65,0.2,2,1,2,8,13.0813834
7987,FNY,5.99,22.52,22.79,0.2,3,1,2,8,8.869393058
8183,FNY,15.36,36.53,30.89,0.8,2,1,2,8,7.423071322
8367,FNY,17.51,32.84,31.81,0.2,5,2,2,13,7.67709541
8878,FNY,11.27,32.99,25.56,1,1,1,2,7,8.789133296
8922,FNY,11.37,21.15,26.08,0.4,2,2,2,12,8.83400556
8937,FNY,12.98,44.78,24.77,0.95,2,1,2,8,10.85108877
9593,FNY,3.885,29.19,13.56,0.2,3,1,2,8,9.508400205
9987,FNY,29.55,46.97,35.43,0.6,4,2,2,12,8.0740131
10116,FNY,6.28,31.57,16.88,0.2,4,2,2,12,8.525382762
10401,FNY,9.89,25.33,23.81,0.05,4,2,2,12,8.572575698
11032,FNY,9.58,20.81,30.84,0.4,4,1,2,8,9.399838674
11213,FNY,3.72,18.48,19.86,0.05,3,1,2,8,10.69825002
11299,FNY,3.54,17.43,26.65,0.05,3,1,2,8,9.420812512
11312,FNY,5.3,33.26,23.85,0,2,1,2,8,10.25845618
11453,FNY,2.94,27.94,14.98,0.6,2,1,2,8,11.18395005
11826,FNY,10.45,36.39,22.27,0.4,3,2,2,12,10.76685014
11910,FNY,13.19,33.92,26.74,0.8,2,2,2,12,8.871663352
12062,FNY,11.22,23.68,31.82,0.05,4,2,2,12,6.880874003
12201,FNY,10.23,31.5,27.72,0.4,3,1,2,8,9.596529198
12232,FNY,24.1,44.86,37.67,0.6,3,1,2,8,9.845151615
12270,FNY,23.29,30.67,36.36,0.4,5,2,2,13,8.423392689
12319,FNY,13.43,31.73,33.4,0.6,2,1,2,8,9.273106371
12650,FNY,16.04,42.2,22.24,0.2,3,1,2,8,8.347749778
12993,FNY,10.04,26.66,27.85,0.2,4,2,2,12,8.427862555
13259,FNY,9.3,28.31,19.64,0.8,3,2,2,12,8.876056074
13717,FNY,8.71,30.32,25.25,0.8,2,2,2,12,5.17615525
13942,FNY,6.32,29.49,19.97,0.2,3,1,2,8,9.866848658
13946,FNY,50.51,32.74,40.98,0.8,3,2,2,12,7.517999607
14080,FNY,19.71,33.27,26.92,1,1,1,2,7,7.916849684
14121,FNY,14.841,44.38,27.32,0.8,2,1,2,8,10.39354968
14188,FNY,3.85,30.27,18.08,0,3,1,2,8,10.12042816
14265,FNY,2.5,23.26,14.79,0.95,1,1,2,8,9.631148262
14640,FNY,8.8,33.48,19.79,0,4,3,2,17,9.291523121
14668,FNY,25.33,31.22,29.98,0.4,4,2,2,12,8.701462582
14704,FNY,10.88,31.7,24.94,0.6,2,2,2,12,12.60680381
14710,FNY,9.37,21.88,26.41,0.6,2,1,2,8,8.673148503
14804,FNY,4.47,30.45,12.25,1,1,1,2,8,9.986621365
14848,FNY,12.85,28.97,25.08,1,1,1,2,7,8.147533266
14874,FNY,9.41,28.3,26.14,0,5,2,2,13,9.848142725
15280,FNY,5.48,30.82,12.67,0.4,3,2,2,12,8.736099496
15455,FNY,13.6,35.2,24.9,0.2,4,1,2,8,10.18591567
16077,FNY,4.12,33.89,15.32,1,1,1,2,7,12.91468764
16212,FNY,18.34,36.96,34.06,0,3,2,2,12,11.23240494
16346,FNY,20.64,36.82,33.98,0.6,3,2,2,12,8.777334812
16494,FNY,8.16,38.38,23.08,0.6,3,2,2,12,12.06991853
17174,FNY,5.02,39.17,39.74,0.2,5,2,2,12,
18247,FNY,68.66,47.65,45.26,0.8,3,2,2,12,11.69842288
18900,FNY,35.12,37.2,36.57,0.6,3,2,2,12,8.197732957
19174,FNY,38.56,38.8,40.22,0.05,4,2,2,12,8.533383243
19933,FNY,4.44,32.17,19.3,0.4,4,2,2,12,8.523666909
20051,FNY,3.17,16.35,23.39,0,2,2,2,12,6.3211935
20604,FNY,26.88,32.62,24.77,0.8,2,2,2,12,8.621090663
20809,FNY,14.32,33.64,31.72,0.2,4,1,2,8,9.668774731
20993,FNY,7.97,36.26,23.49,0.95,2,1,2,8,11.13568866
21200,FNY,6.81,32.48,17.25,0,4,2,2,12,8.267508489
23191,FNY,31.91,42.06,30.05,0.6,2,2,2,12,9.931933747
23762,FNY,62.12,35.98,37.53,1,1,1,2,7,7.921487327
24371,FNY,11.03,29.22,23.63,0,3,2,2,12,6.109608445
ARA45AE,FNY,6.53,23.97,22.46,0.2,4,2,2,12,10.72086435
ARA48AM,FNY,10.14,34.42,33.05,0,5,3,2,17,11.0900413
ARA55A6,FNY,13.29,23.07,27.16,0.4,5,2,2,13,16.88264579
ARA63AT,FNY,5.01,29.11,21.96,0.2,2,1,2,8,15.02167605
ARA65AK,FNY,16.87,32.32,31.3,0.2,3,1,2,8,9.895181733
ARA80AA,FNY,30.01,48.96,37.8,0.6,5,3,2,17,14.5490944
ARA86AC,FNY,5.28,23.18,21.59,0.4,3,1,2,8,9.887718084
ARD07DB,FNY,34.24,26.34,39.95,0,5,3,2,17,11.55112173
ARD07DD,FNY,10.6,34.33,32.01,0,4,2,2,12,14.62716252
ARD26DD,FNY,9.48,37.86,22.4,0.6,2,1,2,8,13.93624027
E0528A,FNY,8.94,27.83,26.31,0.6,2,1,2,8,9.294291706
F0526A,FNY,10.02,38.39,29.13,0.4,4,1,2,8,9.854328702
F1108A,FNY,2.26,17.8,20.53,0.6,2,1,2,8,11.14536992
G0850A,FNY,5.14,34.76,13.57,0.4,2,1,2,8,12.51001735
G1133A,FNY,3.48,26.08,16.08,0,4,1,2,8,10.50242731
G1148A,FNY,3.65,25.3,15.02,0.2,3,2,2,12,8.929468323
H1018A,FNY,1.62,16.82,15.22,0.2,3,1,2,8,10.44701532
H1033A,FNY,3.78,26.4,15.32,0.4,2,1,2,8,8.374692927
H1037A,FNY,5.55,21.82,19.94,0.4,4,1,2,8,8.196105735
H1338A,FNY,0.84,16.37,10.8,0.4,2,1,2,8,9.704784862
I0741A,FNY,3.37,18.8,20.25,0.4,2,1,2,8,10.3047483
I1225A,FNY,5.19,22.37,21.94,1,1,1,2,8,9.283929284
I1246A,FNY,3.19,21.12,14.45,0.4,3,2,2,12,8.598327589
I1346A,FNY,0.98,13.75,17.03,0.4,2,1,2,8,14.66299432
I1351A,FNY,15.3,30.21,35.27,0.2,3,1,2,8,8.917761542
I1546B,FNY,3.74,22.45,25.04,0.4,2,1,2,8,10.71357212
I1649C,FNY,4.6,31.99,20.38,0.05,4,2,2,12,10.59893999
J1030B,FNY,0.72,14.35,9.69,0,3,2,2,12,14.01104641
J1046A,FNY,2.34,21.54,16.25,0.4,2,1,2,8,9.833001894
J1237A,FNY,0.5,9.82,16.79,0,2,1,2,8,23.68090286
J1239A,FNY,1.35,12.62,15.88,0,3,1,2,8,9.432236946
J1328A,FNY,3.81,26.46,13.16,0,3,1,2,8,8.25337629
J1441A,FNY,1.96,25.09,14.81,0,4,1,2,8,
K0631A,FNY,4.49,32.5,17.65,0.05,3,1,2,8,9.857047867
K0735A,FNY,20.19,37.96,29.76,0.6,3,2,2,12,9.818034889
K1332A,FNY,1.68,26.88,11.43,0,4,2,2,12,
K1432A,FNY,3.51,22.11,20.93,0,5,2,2,13,10.22659721
K1625A,FNY,7.42,20.3,23.57,0.2,4,1,2,8,8.591695789
L0715A,FNY,2.32,16.84,17.08,0,4,2,2,12,10.70733492
L0715B,FNY,1.35,17.8,15.48,0.4,2,1,2,8,12.72004525
L0818A,FNY,4.8,28.98,16.59,0.2,4,2,2,12,9.994393793
L0831B,FNY,0.35,8.18,10.96,0,3,1,2,8,25.93341725
L1022B,FNY,4.32,22.52,17.83,0.8,3,2,2,12,9.036912633
L1319C,FNY,2.91,19.19,16.31,1,1,1,2,8,11.65192641
L1420B,FNY,1.61,11.84,19.99,0,3,1,2,8,10.56066302
L1526A,FNY,1.94,24.15,11.21,0.05,3,1,2,8,11.80747629
L1528A,FNY,2.1,22.4,14.36,0.8,2,1,2,8,10.86775804
M0327A,FNY,2.01,21.11,16.75,0,4,1,2,8,8.128441995
M0622A,FNY,8.61,30.97,21.83,0.2,5,2,2,13,10.23685823
M1538A,FNY,74.18,42.94,58.55,0.8,4,2,2,12,9.535727234
N1120A,FNY,2.44,23.22,14.24,0,3,1,2,8,11.48057604
P1017B,FNY,0.98,17.03,7.96,0.4,2,1,2,8,13.98883366
R1229A,FNY,2.3,24.62,17.22,0.05,3,1,2,8,17.41515378
1,HLI,111.39,55.17,67.99,0.2,6,2,2,13,
93,HLI,39.62,51.22,35.27,0.95,2,1,2,8,9.916456856
126,HLI,52.75,39.9,57.67,0.4,3,2,2,12,10.42026373
257,HLI,26.24,42.63,40.27,0.4,3,2,2,12,10.88971756
265,HLI,13.79,34.02,26.9,0.4,2,2,2,12,9.625533853
265,HLI,13.79,34.02,26.9,0.4,2,2,2,12,10.27805736
280,HLI,139.13,73.99,52.39,0.2,2,1,2,7,11.45149947
605,HLI,43.18,52.82,35.64,0.2,3,2,2,12,8.843771343
934,HLI,80.44,59.87,52.98,0,5,2,2,12,9.63504089
972,HLI,11.65,33.19,21.39,0.2,3,2,2,12,8.663535144
982,HLI,23.18,36.45,40.26,0.4,5,1,2,8,8.180236722
1081,HLI,30.21,65.9,28.84,0.4,3,1,2,8,11.62957403
2259,HLI,29.54,37.8,57.14,0.05,5,2,2,12,11.80171423
2756,HLI,65.2,44.3,52.32,0.8,3,1,2,8,11.69503614
2983,HLI,70.32,56.94,50.23,0,4,2,2,12,10.52011697
3300,HLI,5.29,18.53,21.45,0,3,1,2,8,10.13835029
3336,HLI,55.2,58.44,44.29,0,6,2,2,13,10.14895778
3368,HLI,120.11,68.92,49.29,0.6,3,1,2,8,11.79446805
5690,HLI,58.49,58.36,35.08,0,5,2,2,12,10.19079797
6298,HLI,34.11,44.11,40.19,0,4,2,2,12,10.79375387
8675,HLI,13.68,37.62,18.46,0.4,4,1,2,8,9.142677451
9950,HLI,2.6,16.32,21.47,0,3,2,2,12,12.84013642
10498,HLI,316.12,80.5,78.72,0.8,5,2,2,12,11.73065839
10598,HLI,13.35,29.99,29.52,0.4,3,1,2,8,9.825803968
10667,HLI,6.29,23.02,25.52,0.4,2,2,2,12,10.51432776
10765,HLI,23.54,31.47,46.51,0,3,2,2,12,11.35354259
11567,HLI,46.88,57.51,40.89,0.4,4,2,2,12,10.29488877
11690,HLI,7.82,26.09,27.98,0.4,2,1,2,8,10.83695446
11709,HLI,38.33,67.79,38.85,0.4,4,1,2,8,12.4429059
11985,HLI,54.86,39.82,78.21,0.2,3,1,2,8,13.3117667
13223,HLI,47.62,40.57,54.79,0,4,2,2,12,10.17242582
13383,HLI,36.44,30.34,37.93,0.2,5,2,2,13,8.867146889
14298,HLI,7.82,41.82,18.13,0,5,1,2,9,11.60905838
14930,HLI,93.25,47.46,67.74,0.4,3,2,2,12,10.56789596
15658,HLI,17.03,41.74,24.59,0.05,4,1,2,8,10.80736161
15751,HLI,10.78,29.79,20.85,0.2,3,1,2,8,8.979174054
16715,HLI,53.47,46.57,54.52,1,1,1,2,7,9.885624566
16722,HLI,85.45,58.41,55.66,0.6,3,2,2,12,
17434,HLI,30.68,45.35,36.93,0.4,4,1,2,8,10.34325251
18541,HLI,44.52,45.83,40.91,0.6,3,1,2,8,9.194294586
18739,HLI,11.73,31.6,23.45,0.6,3,1,2,8,9.027646254
20160,HLI,50.19,52.93,43.24,0.4,3,1,2,8,10.56000294
20450,HLI,102.14,65.57,52.46,0.2,3,1,2,8,10.87002341
21966,HLI,12.89,33.49,23.63,0.8,2,1,2,8,9.130987568
22121,HLI,24.47,39.98,37.01,1,1,1,2,7,9.091562479
22157,HLI,5.82,25.48,18.47,0.2,4,2,2,12,9.832278283
24272,HLI,10.87,22.93,27.59,1,1,1,2,7,8.774716079
24288,HLI,77.87,37.54,58.01,0.05,4,1,2,8,9.235537268
24498,HLI,30.16,45.42,30.56,0.4,4,1,2,8,10.95408941
ARD01DF,HLI,28.81,58.88,31.74,0.4,4,2,2,12,11.20349023
ARD09DA,HLI,75.23,45.57,54.86,0.4,3,1,2,8,9.045090884
ARD26DB,HLI,211.62,91.89,89.54,0.4,4,2,2,12,13.43441516
F1205B,HLI,1.52,15.41,18.21,1,1,1,2,8,
J0917A,HLI,10.39,28.03,28.19,0.2,2,2,2,11,10.43327258
J2109A,HLI,18.49,42.18,28.78,0.4,3,1,2,8,11.22024125
L0820A,HLI,43.32,63.64,39.41,0.05,4,1,2,8,11.56443755
L11SFA,HLI,4.34,20.24,29.62,0,3,2,2,12,
73,NYR,14.38,38.55,31.83,0.05,5,3,2,17,13.47143069
329,NYR,4.099,25.14,20.65,0,6,3,2,18,14.7282272
510,NYR,7.2,27.86,26.26,0.2,4,2,2,12,14.13854689
1025,NYR,9.14,35.83,26.65,0.2,5,3,2,17,14.79069445
1496,NYR,28.48,39.4,31.92,0.6,4,3,2,17,11.95622419
1687,NYR,5.32,34.7,17.31,0.4,4,2,2,12,
3628,NYR,20.79,39.36,35.94,0,5,4,2,23,12.09035127
4296,NYR,10.66,25.72,29.99,0,5,3,2,17,11.54965477
4786,NYR,9.41,21.29,37.6,0.6,4,2,2,12,13.87782188
4789,NYR,3.32,30.58,12.72,0,4,2,2,12,16.33401334
4809,NYR,16.88,35.27,32.79,0.2,4,2,2,12,11.72978365
5173,NYR,10.94,43.5,21.69,0.2,5,3,2,17,13.09186941
5220,NYR,10.84,26.88,31.19,0,5,3,2,17,11.74824615
5806,NYR,14.79,36.55,44.29,0.2,2,2,2,11,14.35268398
5939,NYR,4.36,22.91,19.78,0.05,4,3,2,17,16.10061287
6386,NYR,7.12,35.22,18.488,0.2,5,2,2,13,
6448,NYR,13.74,38.09,25.15,0.2,5,2,2,13,12.90546211
6554,NYR,5.97,26.59,23.4,0.8,3,2,2,12,
7681,NYR,6.75,30.84,20.29,0.2,4,3,2,17,13.85356619
7763,NYR,15.54,54.69,22.88,0.4,4,2,2,12,14.54204652
7802,NYR,2.64,23.05,18.6,0,4,2,2,12,17.64387023
10500,NYR,5.52,34.73,18.72,0.05,6,3,2,18,
10685,NYR,26.56,37.72,38.33,0.2,5,2,2,12,13.63624485
10761,NYR,8.21,24.77,23.89,0.2,7,4,2,24,11.14844972
11019,NYR,7.19,26.88,27.84,0.2,5,3,2,18,
11031,NYR,26.6,46.14,31.42,0.4,5,3,2,17,13.38044172
11444,NYR,9.08,27.97,24.69,0,6,3,2,18,12.6562028
11974,NYR,18.55,30.52,34.57,0.6,5,2,2,13,12.585711
12334,NYR,9.17,22.99,32.08,0,5,4,2,23,11.56533076
13112,NYR,23.15,35.95,36.02,0.2,5,3,2,17,
13493,NYR,13.82,33.25,20.65,0.2,5,3,2,18,10.76996998
14617,NYR,11.86,37.02,21.34,0,6,2,2,13,
15338,NYR,4.72,30.66,21.1,0,4,2,2,12,
17040,NYR,3.61,30.72,14.43,0.2,4,1,2,8,14.78075384
18917,NYR,4.14,26.34,20.89,0.05,5,2,2,13,16.32996099
21829,NYR,11.25,33.18,22.71,0.2,4,2,2,12,11.24859301
22130,NYR,4.38,22.19,20.01,0.8,2,2,2,12,15.47656583
24259,NYR,14.96,28.16,32.13,0.4,5,3,2,17,11.87831202
24521,NYR,8.34,35.74,26.96,0.2,5,3,2,17,14.48966379
24526,NYR,5.97,26.88,26.73,0,6,3,2,18,14.30210057
152616,NYR,5.68,16.57,22.72,0,5,3,2,18,12.28211577
ARA--N,NYR,5.701,34.79,16.32,0,7,3,2,19,14.22277754
ARA17AB,NYR,4.16,26.61,15.95,0,6,3,2,18,
ARA25AA,NYR,41.73,61.7,42.55,0.05,6,3,2,17,12.42386174
ARA50AI,NYR,4.84,23.52,17.49,0,4,2,2,12,
ARA65AC,NYR,31.97,39.77,35.32,0.2,5,4,2,23,
F1013A,NYR,12.63,38.43,25.46,0.2,6,3,2,18,11.74089789
F1516A,NYR,26.33,45.88,26.43,0.05,6,3,2,18,11.72875899
F1548A,NYR,0.73,14.41,9.47,0,3,2,2,12,
H0640A,NYR,1.72,13.7,17.81,0,3,2,2,12,16.77524538
H1039A,NYR,4.15,22.01,19.84,0.2,4,2,2,12,13.75372376
J1724A,NYR,8.25,34.23,19.14,0.05,6,3,2,18,12.77245313
K1018A,NYR,2.49,18.59,16.63,0,5,2,2,13,17.94315357
L1222A,NYR,5.33,26.79,23.59,0.4,4,2,2,12,
M0628A,NYR,10.68,37.28,30.1,0,6,3,2,18,
M1327B,NYR,16.88,19.9,34.89,0.4,7,2,2,14,11.1708423
O0516A,NYR,3.49,25.64,19.59,0.05,5,2,2,13,
Q1230G,NYR,2.81,26.59,13.22,0.6,2,2,2,12,14.7179074
S1229A,NYR,25.65,42.94,41.12,0.8,3,2,2,12,
1129,OGR,22.56,37.06,36.18,0.4,3,2,2,12,
1324,OGR,11.01,34.09,30.4,0.4,3,2,2,12,
1417,OGR,23.51,38.71,36.92,0.4,3,2,2,12,
2325,OGR,30.02,48.3,24.67,0.6,5,2,2,13,
2535,OGR,13.36,38.55,25.84,0.05,4,2,2,12,
2826,OGR,5.48,25.98,28.75,0,4,2,2,12,
3070,OGR,40.97,57.93,42.16,0.4,4,2,2,12,
3203,OGR,18.52,26.86,37.57,0,6,3,2,18,
4953,OGR,86.7,68.43,46.4,0.05,4,3,2,17,
5446,OGR,39.8,58.64,51.02,0.4,3,1,2,8,
5782,OGR,20.74,34.6,33.53,0.05,4,2,2,12,
5866,OGR,26.45,38.89,37.77,0,5,2,2,12,
9745,OGR,65.48,63.71,53.78,0.4,7,3,2,18,
11507,OGR,21.86,44.96,31.09,0,5,2,2,12,
11645,OGR,12.25,35.08,28.47,0,5,2,2,13,
11960,OGR,71.15,74.92,33.14,0,6,2,2,13,
15087,OGR,7.21,27.1,31.12,0.05,3,2,2,12,
17285,OGR,66.85,42.56,65.69,0.2,4,2,2,12,
19176,OGR,61.21,47.07,54.94,0,5,3,2,17,
20601,OGR,20.04,31.25,33.36,0,6,2,2,13,
21969,OGR,4.67,33.85,19.87,0,4,2,2,12,
23043,OGR,59.35,63.07,42.9,0,5,2,2,12,
23448,OGR,18.62,36.41,37.2,0,4,3,2,17,
23774,OGR,14.37,42.7,19.31,0.2,4,2,2,12,
ARA60AB,OGR,28.38,49.81,34.61,0,6,2,2,13,
ARA60AJ,OGR,15.59,31.07,29.58,0,5,2,2,13,
ARA62AB,OGR,8.59,35.65,21.73,0.4,3,1,2,8,
ARA69AL,OGR,32.01,50.84,31.66,0.4,4,2,2,12,
ARA69AT,OGR,21.29,46.18,19.91,0,5,3,2,17,
ARB37BC,OGR,20.87,37.74,35.84,0,4,2,2,12,
K1217B,OGR,6.13,17.2,23.88,0.6,2,1,2,8,
K1227A,OGR,2.71,23.13,20.87,0,2,2,2,11,
N1115A,OGR,9.1,35.81,23.21,0.2,4,2,2,12,
T0818B,OGR,8.64,36.05,27.95,0.05,4,2,2,12,
265,BBA,17.78,42.34,27.21,0.2,4,2,3,20,9.625533853
265,BBA,17.78,42.34,27.21,0.2,4,2,3,20,10.27805736
544,BBA,6.78,32.11,26.56,0,4,3,3,26,11.99803007
1345,BBA,3.34,26.25,22.72,0,5,2,3,21,13.72571133
3279,BBA,23.42,41.66,34.99,0,6,3,3,27,10.3333056
3375,BBA,39.74,50.8,41.3,1,1,1,3,14,11.80729923
6305,BBA,27.63,35.1,36.76,0,5,2,3,21,9.28734331
6945,BBA,9.31,25.06,28.63,0,5,2,3,21,11.19161413
9421,BBA,20.86,41.74,31.16,0,5,2,3,21,9.957823633
11287,BBA,12.68,31.19,29.27,0.2,5,2,3,21,9.673562616
11627,BBA,8.31,25.92,26.69,0,5,2,3,21,9.55673982
23984,BBA,14.06,30.78,29.88,0,6,2,3,21,11.02031313
K1428A,BBA,3.71,18.87,27.05,0,2,2,3,19,13.78857611
594,BFE,33.1,40.28,32.92,0.2,9,4,3,36,11.6065563
2301,BFE,9.64,25.5,26.99,0.8,4,2,3,21,11.5975433
2317,BFE,22.01,45.96,34.95,0.2,5,3,3,27,12.72471439
5046,BFE,12.74,34.81,29.27,0.2,3,2,3,20,10.93158614
5777,BFE,7.25,22.11,29.27,0.4,5,2,3,21,13.56314741
6205,BFE,23.14,33.56,36.86,0.4,3,2,3,20,10.32734154
7092,BFE,11.99,36.66,30.91,0,5,3,3,27,13.06562539
7270,BFE,6.38,27.21,21.63,1,1,1,3,14,12.83326808
8897,BFE,6.91,34.98,20.79,0.05,4,2,3,20,15.29766171
11850,BFE,32.09,45.76,34.73,0.05,5,2,3,21,12.1866417
13020,BFE,10.24,32.68,33.44,0.6,3,1,3,15,12.29578819
13529,BFE,14.35,46.94,24.8,0.2,4,2,3,20,12.30916183
14152,BFE,2.25,19.23,14.62,0,5,2,3,21,20.39527126
15812,BFE,24.74,45.26,32.18,0.05,8,3,3,28,11.93811004
16572,BFE,5.34,24.17,34.08,0.95,2,1,3,14,15.65910511
17083,BFE,17.31,45.2,30.96,0.4,5,3,3,27,12.45754748
18277,BFE,9.06,20.37,35.92,0,4,2,3,20,12.34792034
19234,BFE,4.86,27.91,19.38,0.8,2,2,3,20,13.86903642
20569,BFE,12.42,37.16,43.22,0.2,5,2,3,21,13.0791107
22748,BFE,38.46,43.65,41.17,0.4,7,4,3,35,10.88865263
ARA48AC,BFE,55.43,42.01,46.21,0.2,5,3,3,27,10.29397462
ARA53AB,BFE,24.91,34.71,38.82,0,6,3,3,27,11.70879487
ARA53AC,BFE,10.91,30.75,26.16,0,6,2,3,21,17.50143522
ARA57AL,BFE,9.14,25.17,23.84,0,5,3,3,27,12.36533864
ARA63AC,BFE,8.2,33.97,21.99,0,7,3,3,28,12.30561298
ARA63AS,BFE,7.09,23.33,27.66,0.4,4,2,3,20,12.12623815
ARA65AF,BFE,56.2,59.62,35.96,0.4,6,3,3,27,10.19121456
ARB24BB,BFE,14.12,39.79,22.81,0.4,4,2,3,20,14.70049906
ARD11DA,BFE,10.34,35.7,25.8,0.4,6,3,3,27,11.10359857
ARD12DB,BFE,17.3,46.03,24.78,0.2,4,3,3,26,15.38277416
F0845A,BFE,5.53,30.14,21.62,0.2,3,2,3,20,15.22861611
H1341A,BFE,4.35,22.03,17.41,0,5,2,3,21,10.90129577
J2216A,BFE,12.21,24.32,37.87,0.05,4,2,3,20,12.93600103
K0523B,BFE,12.13,27.36,29.06,0,5,3,3,27,10.16753881
N0723A,BFE,5.83,30.6,17.44,0.2,3,1,3,15,7.933647824
O1015B,BFE,6.82,31.94,31.85,0.4,4,2,3,20,15.8865794
699,BQU,9.77,34.71,28.51,0.2,4,2,3,20,13.40901902
1913,BQU,5.49,25.52,23.93,0.2,3,2,3,20,14.28510404
3703,BQU,17.65,40.8,23.08,0.6,4,2,3,20,10.98153176
3922,BQU,15.18,41.89,26.37,1,1,1,3,14,10.41540426
5062,BQU,8.62,24.73,21.56,0,4,2,3,20,12.06702686
6145,BQU,39.74,45.94,39.66,0,5,2,3,20,11.25202698
10696,BQU,13.16,38.64,26.06,0.8,3,2,3,20,10.16712154
11313,BQU,7.06,30.63,20.71,0.2,5,2,3,21,
22323,BQU,15.72,31.03,38.98,0.2,4,2,3,20,10.07900131
ARA40AD,BQU,9.74,27.2,23.52,0,4,2,3,20,11.08530799
ARA81AB,BQU,10.93,31.66,24.38,0,5,3,3,27,9.40146737
ARB24BF,BQU,10.81,23.26,34.14,0,4,3,3,26,9.835393805
H0752A,BQU,18.16,46.65,23.93,0.2,5,2,3,21,12.34642506
J1045A,BQU,2.62,24.09,20.12,0,4,2,3,20,13.48824843
169,FNY,23.58,50.49,32.89,0.4,4,1,3,15,
377,FNY,24.06,44.9,34.43,0.05,3,1,3,14,
871,FNY,30.13,48.12,30.04,0,6,2,3,21,
973,FNY,7.78,27.33,19.85,0.2,4,2,3,20,
3328,FNY,9.62,34.09,26.78,0.05,4,1,3,15,
5969,FNY,31.69,30.57,43.37,0.4,4,2,3,20,9.462400169
6156,FNY,14.57,33.49,28.56,0.2,5,2,3,21,8.395618221
6163,FNY,15.46,34.46,32.57,0.8,2,1,3,14,7.941271872
10185,FNY,9.98,25.88,27.2,0,5,2,3,21,8.754544987
12388,FNY,11.72,33.57,30.13,0,6,2,3,21,9.171677873
13403,FNY,23.67,27.77,34.55,0.4,5,2,3,21,8.713021693
13664,FNY,6.37,25.19,23.98,0,4,1,3,15,9.106969553
20731,FNY,25.47,35.69,39.95,0,5,2,3,21,8.054801092
20808,FNY,8.48,29.65,22.67,0,5,2,3,21,9.346767069
21027,FNY,60.21,74.1,34.72,1,1,1,3,14,10.39834749
21443,FNY,14.1,32.05,29.28,0,5,2,3,21,9.83903886
23220,FNY,6.07,35.46,17.88,0.2,3,2,3,20,10.43065399
ARD26DA,FNY,14.43,31.56,32.48,0.2,5,1,3,15,13.09361002
J2217A,FNY,6.75,28.27,26.01,0.05,5,3,3,27,9.299431202
K0516C,FNY,3.96,19.89,20.62,0.8,3,2,3,20,7.73564593
4756,HLI,10.35,21.47,31.55,0,2,1,3,14,9.369705001
16045,HLI,15.08,34.42,26.82,0.05,3,1,3,15,9.820224693
M0330A,HLI,29.48,52.97,30.42,1,1,1,3,14,10.74450083
3779,NYR,38.31,36.98,45.58,0,5,3,3,27,14.13606583
5971,NYR,8.03,18.16,29.64,0,7,4,3,35,12.12739202
6276,NYR,12.33,30.52,30.73,1,1,1,3,14,12.33075056
7848,NYR,15.98,32.34,34.86,1,1,1,3,14,10.97616583
8668,NYR,4.87,19.93,20.07,0,3,2,3,20,15.82018896
10000,NYR,16.76,45.51,26.12,0.05,5,3,3,27,13.01379935
11055,NYR,19.92,34.31,34.66,0.4,3,2,3,20,11.41181077
11622,NYR,7.84,20.05,22.62,0.2,4,2,3,20,11.38990354
11821,NYR,12.95,35.54,30.33,0.05,6,3,3,27,11.47151483
12618,NYR,19.26,38.89,29.39,0,5,3,3,27,12.37525785
12804,NYR,7.041,28.61,22.1,0.4,4,1,3,15,12.62550863
12895,NYR,6.96,27.56,15.21,0.6,4,2,3,21,11.3218471
16116,NYR,21.78,31.48,44.88,1,1,1,3,14,11.22607509
20961,NYR,53.34,38.45,46.64,0.4,5,3,3,27,10.05694343
24093,NYR,6.57,30.55,19.36,0,6,3,3,28,11.30707154
ARA45AA,NYR,19.67,31.84,31.34,0.4,4,2,3,20,
ARD03DB,NYR,30.34,34.45,36.82,0,6,4,3,34,10.49395801
ARD04DC,NYR,1.53,16.05,11.14,0,5,3,3,28,17.68701821
L1629A,NYR,6.06,22.12,24.55,0.2,4,2,3,20,
Q1229A,NYR,2.04,19.53,16.41,0,5,3,3,27,16.71244871
356,OGR,7.74,23.55,40.19,0,2,2,3,19,
657,OGR,35.52,41.62,47.75,0.4,4,1,3,15,
3721,OGR,12.73,34.56,29.37,0.05,4,2,3,20,
4225,OGR,30.61,25.94,47.95,0.2,5,2,3,21,
6223,OGR,16.43,36.43,35.09,0,6,2,3,21,
18944,OGR,13.68,39.73,26.82,0,5,2,3,21,
19861,OGR,68.21,45.6,53.92,0.4,4,2,3,20,
ARB01BB,OGR,18.06,26.92,39.7,0,3,2,3,20,
ARD02DB,OGR,17.6,44.85,23.54,0,4,2,3,20,
G1150B,OGR,4.02,26.28,17.79,0,3,1,3,15,
L0330A,OGR,3.63,28.73,17.65,0,4,2,3,20,
11983,BFE,2.95,20.04,21.01,0,5,2,4,31,16.44325806
13365,BFE,57.75,45.1,40.44,0.4,4,2,4,30,10.40696331
23368,BQU,6.78,32.54,20.65,0,4,2,4,30,11.10912083
1920,FNY,5.36,20.02,31.08,0.2,3,2,4,30,
K1523A,NYR,9.52,21.12,33.6,0.4,4,2,4,31,12.35793101
74,HPH,20.51,67.83,26.09,0,6,2,2,13,
593,HPH,7.02,22.39,34.21,0,3,2,1,6,
600,HPH,12.87,36.84,33.92,0,6,2,2,13,
805,HPH,7.57,30.54,30.01,0,6,3,1,10,
861,HPH,7.7,20.39,23.73,0,5,3,2,18,
871,HPH,30.13,48.12,30.04,0,6,2,3,21,
985,HPH,12.9,30.74,28.55,0,6,2,2,13,
1115,HPH,4.66,29.27,12.73,0,5,2,2,13,
1322,HPH,6.05,32.76,20.33,0,3,2,1,6,
2946,HPH,2.45,22.24,15.49,0,3,1,2,8,
3093,HPH,3.64,29.47,19.12,0,3,1,1,3,
3112,HPH,15.47,34.92,29.95,0,3,1,1,3,
3193,HPH,16.23,34.56,29.95,0,4,3,1,10,
3381,HPH,4.15,25.67,18.23,0,5,3,2,18,
3856,HPH,31.58,38.69,40.44,0,6,3,2,18,
3864,HPH,2.69,18.71,16.53,0,3,1,2,8,
4038,HPH,7.48,40.11,29.7,0,5,2,2,12,12.18230346
4938,HPH,4.77,29.38,19.01,0,5,2,2,13,8.972959837
5156,HPH,10.11,45.23,20.95,0,5,1,1,4,11.54235223
5902,HPH,4.62,24.36,23.49,0,3,2,1,6,11.40400941
6921,HPH,5.23,33.51,14.5,0,4,1,1,4,8.848465411
6937,HPH,3.17,18.88,17.35,0,4,1,2,8,10.27193944
6940,HPH,3.37,19.61,15.11,0,3,1,2,8,7.556815421
7787,HPH,4.36,23.3,23.36,0,3,1,1,3,9.188595081
10185,HPH,9.98,25.88,27.2,0,5,2,3,21,8.754544987
10194,HPH,4.28,26.33,19.51,0,4,2,1,6,10.17112506
11312,HPH,5.3,33.26,23.85,0,2,1,2,8,10.25845618
12388,HPH,11.72,33.57,30.13,0,6,2,3,21,9.171677873
12477,HPH,41.45,44.04,43.55,0,5,3,1,10,9.515456875
13664,HPH,6.37,25.19,23.98,0,4,1,3,15,9.106969553
14188,HPH,3.85,30.27,18.08,0,3,1,2,8,10.12042816
14640,HPH,8.8,33.48,19.79,0,4,3,2,17,9.291523121
14670,HPH,7.71,31.42,20.14,0,4,2,1,6,10.44660675
14874,HPH,9.41,28.3,26.14,0,5,2,2,13,9.848142725
14911,HPH,13.07,32.39,21.02,0,3,2,1,6,10.31094737
14959,HPH,4.39,20.63,20.13,0,4,2,1,6,10.73007183
15124,HPH,11.12,27.62,25.16,0,3,1,1,3,8.730943356
15213,HPH,4.24,20.22,24.4,0,3,2,1,6,10.69048454
15794,HPH,26.82,31.12,39.26,0,5,2,1,6,8.737451269
16212,HPH,18.34,36.96,34.06,0,3,2,2,12,11.23240494
16372,HPH,7.25,17.79,27.15,0,4,3,1,10,12.99574301
17324,HPH,15.59,36.08,33.61,0,5,2,1,6,9.124099663
20051,HPH,3.17,16.35,23.39,0,2,2,2,12,6.3211935
20731,HPH,25.47,35.69,39.95,0,5,2,3,21,8.054801092
20808,HPH,8.48,29.65,22.67,0,5,2,3,21,9.346767069
21200,HPH,6.81,32.48,17.25,0,4,2,2,12,8.267508489
21443,HPH,14.1,32.05,29.28,0,5,2,3,21,9.83903886
22089,HPH,6.13,30.3,16.94,0,2,2,1,6,11.88620848
24371,HPH,11.03,29.22,23.63,0,3,2,2,12,6.109608445
K1318A,HPH,1.15,8.81,16.61,0,2,1,1,3,11.97214065
L0818B,HPH,2.02,16.36,14.89,0,4,2,1,6,9.770692005
L0821C,HPH,1.94,17.07,16.48,0,4,2,1,6,10.05663894
J2017C,HPH,2.2,21.53,14.97,0,4,2,1,6,9.304167478
J1328A,HPH,3.81,26.46,13.16,0,3,1,2,8,8.25337629
J1030B,HPH,0.72,14.35,9.69,0,3,2,2,12,14.01104641
K1332A,HPH,1.68,26.88,11.43,0,4,2,2,12,
J1237A,HPH,0.5,9.82,16.79,0,2,1,2,8,23.68090286
J1039A,HPH,0.98,10.69,15.41,0,2,1,1,3,15.43827908
J1239A,HPH,1.35,12.62,15.88,0,3,1,2,8,9.432236946
H1042A,HPH,2.6,15.6,15.99,0,3,2,1,6,9.527190679
I1747A,HPH,5.21,25.2,25.23,0,3,2,1,6,11.09581793
I0842A,HPH,1.69,18.74,16.46,0,4,2,1,6,11.28557131
J1441A,HPH,1.96,25.09,14.81,0,4,1,2,8,
G1150A,HPH,4.28,16.98,23.4,0,3,1,1,3,9.645270977
K1432A,HPH,3.51,22.11,20.93,0,5,2,2,13,10.22659721
G0624A,HPH,13.27,36.88,31.12,0,5,2,1,6,10.03963905
G1133A,HPH,3.48,26.08,16.08,0,4,1,2,8,10.50242731
L1420B,HPH,1.61,11.84,19.99,0,3,1,2,8,10.56066302
L0715A,HPH,2.32,16.84,17.08,0,4,2,2,12,10.70733492
L0331A,HPH,4.84,26.16,27.6,0,4,2,1,6,11.48206222
L0831B,HPH,0.35,8.18,10.96,0,3,1,2,8,25.93341725
M0327A,HPH,2.01,21.11,16.75,0,4,1,2,8,8.128441995
N1115B,HPH,1.86,19.64,16.59,0,4,1,1,4,8.151351612
N1120A,HPH,2.44,23.22,14.24,0,3,1,2,8,11.48057604
ARA48AM,HPH,10.14,34.42,33.05,0,5,3,2,17,11.0900413
ARD19DA,HPH,9.67,35.91,24.42,0,4,1,1,3,13.00375674
ARD07DD,HPH,10.6,34.33,32.01,0,4,2,2,12,14.62716252
ARD07DB,HPH,34.24,26.34,39.95,0,5,3,2,17,11.55112173
ARD03DF,HPH,8.08,27.84,24.78,0,7,3,1,11,14.22628256
ARA__BB,HPH,15.97,44.98,29.32,0,7,4,1,15,17.33781802
179,HPH,71.72,72.76,38.99,1,1,1,1,3,
261,HPH,25.05,31.28,26.37,1,1,1,1,3,
304,HPH,61.64,47.53,47.11,1,1,1,1,3,
400,HPH,16.46,38.8,22.88,1,1,1,2,7,
486,HPH,31.5,47.69,24.86,1,1,1,1,3,
604,HPH,9.57,20.24,38.89,1,1,1,1,3,
965,HPH,5.27,27.3,21.37,1,1,1,1,3,
1527,HPH,2.23,16.47,19.72,1,1,1,1,3,
1540,HPH,8.51,33.49,24.89,1,1,1,1,3,
1915,HPH,5.05,20.48,26.25,1,1,1,1,3,
2102,HPH,11.32,27.82,35.98,1,1,1,1,3,
2199,HPH,15.91,21.99,19.59,1,1,1,1,3,
2662,HPH,74.87,48.47,32.14,1,1,1,1,3,
2895,HPH,7.57,21.96,24.99,1,1,1,2,7,
3072,HPH,3.29,18.54,32.71,1,1,1,1,3,
3633,HPH,17.06,31.54,34.76,1,1,1,1,3,
3876,HPH,83.52,41.82,54.55,1,1,1,1,3,8.230582996
3878,HPH,20.62,44.01,35.48,1,1,1,2,7,8.525266131
4656,HPH,10.29,17.73,36.28,1,1,1,1,3,7.875033445
5343,HPH,6.75,20.09,18.86,1,1,1,2,8,11.78452709
6191,HPH,24.12,49.62,35.16,1,1,1,1,3,10.29985554
6342,HPH,5.19,22.95,25.99,1,1,1,1,3,8.993411769
6885,HPH,26.14,52.61,25.31,1,1,1,1,3,8.203068676
7931,HPH,10.04,19.69,33.57,1,1,1,1,3,8.753854964
8878,HPH,11.27,32.99,25.56,1,1,1,2,7,8.789133296
9918,HPH,5.37,24.56,23.4,1,1,1,1,3,8.219967501
10528,HPH,9.78,32.51,23.65,1,1,1,1,3,9.761589061
10724,HPH,71.31,55.76,43.4,1,1,1,1,3,9.116832475
11122,HPH,16.22,21.81,32.61,1,1,1,1,3,9.166420841
11766,HPH,10.28,26.53,29.53,1,1,1,1,3,9.018262793
11865,HPH,17.99,39.91,24.73,1,1,1,1,3,9.0651339
12839,HPH,13.25,15.34,37.89,1,1,1,1,3,7.106859387
14080,HPH,19.71,33.27,26.92,1,1,1,2,7,7.916849684
14512,HPH,8.05,28.49,25.82,1,1,1,1,3,8.832919615
14804,HPH,4.47,30.45,12.25,1,1,1,2,8,9.986621365
14848,HPH,12.85,28.97,25.08,1,1,1,2,7,8.147533266
15224,HPH,23.91,46.71,18.84,1,1,1,1,3,10.07609906
16077,HPH,4.12,33.89,15.32,1,1,1,2,7,12.91468764
16596,HPH,29.74,59.02,31.59,1,1,1,1,3,10.47923608
16710,HPH,35.3,32.44,39.26,1,1,1,1,3,8.070995916
18807,HPH,39.57,32.63,29.74,1,1,1,1,3,
20225,HPH,34.25,19.66,42.37,1,1,1,1,3,8.195666383
21027,HPH,60.21,74.1,34.72,1,1,1,3,14,10.39834749
21114,HPH,25.04,46.54,28.53,1,1,1,1,3,8.582684574
21265,HPH,24.47,29.19,35.47,1,1,1,1,3,
21296,HPH,15.68,46.37,15.37,1,1,1,1,3,
22819,HPH,19.64,28.49,37.31,1,1,1,1,3,7.629060662
23461,HPH,4.67,17.38,20.88,1,1,1,1,3,8.705078919
23684,HPH,39.06,46.73,42.12,1,1,1,1,3,9.483930991
23762,HPH,62.12,35.98,37.53,1,1,1,2,7,7.921487327
K1426A,HPH,5.64,21.3,25.43,1,1,1,1,3,8.161348231
O0519A,HPH,8.14,33.73,20.08,1,1,1,1,3,
I1225A,HPH,5.19,22.37,21.94,1,1,1,2,8,9.283929284
J2215H,HPH,17.36,36.83,28.81,1,1,1,1,3,8.291974494
F1336B,HPH,4.71,18.13,18.7,1,1,1,1,3,9.211825769
K1024B,HPH,4.14,19.08,20.05,1,1,1,1,3,8.453321754
L1319C,HPH,2.91,19.19,16.31,1,1,1,2,8,11.65192641
N0913A,HPH,2.87,26.85,11.59,1,1,1,1,3,10.22611514
Q1328A,HPH,6.27,25.95,22.62,1,1,1,1,3,12.58220201
ARD06DB,HPH,19.66,38.38,37.22,1,1,1,1,3,10.26409688
ARD06DB,HPH,19.66,38.38,37.22,1,1,1,1,3,12.8200223
34,HPH,18.76,42.68,27.63,0.05,5,3,1,10,
69,HPH,6.08,31.24,25.76,0.05,5,2,1,6,
377,HPH,24.06,44.9,34.43,0.05,3,1,3,14,
730,HPH,8.34,28.85,26.11,0.05,5,2,1,6,
1292,HPH,2.49,18,26.8,0.05,3,1,2,8,
3328,HPH,9.62,34.09,26.78,0.05,4,1,3,15,
3961,HPH,12.42,45.05,24.05,0.05,3,1,1,3,9.567701999
4873,HPH,4.09,29.51,21.91,0.05,2,1,2,8,10.08889288
5044,HPH,9.73,30.73,24.39,0.05,6,2,2,13,7.752767471
5097,HPH,14.77,39.47,26.04,0.05,4,2,2,12,7.98943629
5796,HPH,11.09,30.39,24.91,0.05,3,1,1,3,8.63800149
5810,HPH,3.77,21.09,21.4,0.05,3,2,1,6,11.64301549
6188,HPH,14.66,28.38,38.69,0.05,2,1,2,8,8.461725598
6190,HPH,27.93,47.13,32.85,0.05,5,2,2,12,10.49031131
6412,HPH,3.02,26.27,17.91,0.05,3,1,1,3,10.50931182
10401,HPH,9.89,25.33,23.81,0.05,4,2,2,12,8.572575698
11213,HPH,3.72,18.48,19.86,0.05,3,1,2,8,10.69825002
11285,HPH,9.498,23.89,33.32,0.05,4,2,1,6,9.225285872
11299,HPH,3.54,17.43,26.65,0.05,3,1,2,8,9.420812512
11410,HPH,5.27,24.11,24.51,0.05,2,1,1,3,11.08787144
12062,HPH,11.22,23.68,31.82,0.05,4,2,2,12,6.880874003
13277,HPH,6.73,23.15,22.11,0.05,3,2,1,6,10.04301502
13983,HPH,8.38,18.58,28.49,0.05,4,1,1,4,8.23902141
14530,HPH,22.03,25.36,40.01,0.05,4,1,1,3,9.183040203
15682,HPH,36.36,46.81,44.76,0.05,3,1,1,3,7.72064804
17817,HPH,10.82,34.52,26.58,0.05,3,2,1,6,10.31122487
19174,HPH,38.56,38.8,40.22,0.05,4,2,2,12,8.533383243
23550,HPH,6.79,20.98,31.75,0.05,3,1,1,3,10.10613735
K0523A,HPH,3.19,18.42,26.34,0.05,2,1,1,3,11.52336613
M0231A,HPH,9.01,21.16,28.72,0.05,5,3,1,10,7.39678922
F1547D,HPH,2.13,19.66,17.79,0.05,3,2,1,6,10.55405057
I1649C,HPH,4.6,31.99,20.38,0.05,4,2,2,12,10.59893999
K0631A,HPH,4.49,32.5,17.65,0.05,3,1,2,8,9.857047867
J2217A,HPH,6.75,28.27,26.01,0.05,5,3,3,27,9.299431202
L1526A,HPH,1.94,24.15,11.21,0.05,3,1,2,8,11.80747629
L1319A,HPH,11.87,31.74,35.42,0.05,3,1,1,3,9.318853567
M1215A,HPH,11.69,39.04,22.13,0.05,5,2,1,6,8.491459796
R1229A,HPH,2.3,24.62,17.22,0.05,3,1,2,8,17.41515378
10,HPH,12.5,37.46,29.2,0.2,3,1,2,8,
86,HPH,3.79,22.39,19.47,0.2,3,2,2,12,
125,HPH,12.78,34.63,31.53,0.2,5,2,1,6,
167,HPH,16.36,23.58,35.35,0.2,4,2,1,6,
233,HPH,15.48,42.35,27.92,0.2,4,2,2,12,
314,HPH,8.02,39.71,25.16,0.2,6,2,2,13,
370,HPH,23.94,50.04,27.04,0.2,4,1,1,3,
585,HPH,12.89,35.19,23.27,0.2,3,2,1,6,
711,HPH,6.06,27.21,21.24,0.2,5,2,2,13,
945,HPH,22.04,33.06,28.88,0.2,5,2,1,6,
973,HPH,7.78,27.33,19.85,0.2,4,2,3,20,
1256,HPH,18.38,37.17,30.67,0.2,5,3,2,17,
1361,HPH,8.13,33.31,22.68,0.2,2,1,1,3,
1803,HPH,7.67,33.78,26.72,0.2,3,2,2,12,
1896,HPH,6.46,28.6,24.93,0.2,3,1,2,8,
1920,HPH,5.36,20.02,31.08,0.2,3,2,4,30,
2007,HPH,7.25,36.04,15.68,0.2,4,2,2,12,
2177,HPH,9.72,19.03,30.22,0.2,3,1,1,3,
2353,HPH,1.76,16.86,15.66,0.2,3,2,1,6,
2538,HPH,44.05,53.09,36.57,0.2,5,2,2,12,
3277,HPH,28.63,29.14,37.17,0.2,5,1,2,8,
3357,HPH,10.29,32.63,28.32,0.2,4,2,2,12,
5172,HPH,8.01,30.04,23.99,0.2,3,2,1,6,8.850718113
5175,HPH,36.61,49.52,44.32,0.2,6,2,2,13,8.734825673
5194,HPH,7.71,21.81,25.57,0.2,3,1,1,3,8.25515971
5353,HPH,25.77,32.96,30.16,0.2,6,2,1,7,8.349394879
5356,HPH,10.96,32.44,24.32,0.2,4,2,1,6,6.940506261
5556,HPH,12.46,33.36,28.65,0.2,3,1,1,3,9.760460757
5660,HPH,5.17,24.76,22.75,0.2,2,1,1,3,11.16052838
6156,HPH,14.57,33.49,28.56,0.2,5,2,3,21,8.395618221
6235,HPH,15.05,32.9,25.93,0.2,3,2,2,12,9.216283757
6338,HPH,5.51,29.13,16.15,0.2,4,2,1,6,9.734740747
6615,HPH,5.24,20.79,24.16,0.2,2,1,1,3,11.80857894
6728,HPH,18.57,27.01,28.16,0.2,4,2,2,12,9.453458291
6840,HPH,11.27,39.04,29.28,0.2,3,1,2,8,9.615697555
7260,HPH,7.47,33.02,20.42,0.2,4,1,2,8,8.761876664
7663,HPH,4.24,29.49,16.75,0.2,5,2,2,13,9.828572909
7765,HPH,1.85,21.74,14.65,0.2,2,1,2,8,13.0813834
7987,HPH,5.99,22.52,22.79,0.2,3,1,2,8,8.869393058
8293,HPH,14.91,33.66,35.79,0.2,3,2,1,6,9.461830869
8367,HPH,17.51,32.84,31.81,0.2,5,2,2,13,7.67709541
8514,HPH,20.62,32.69,29.45,0.2,3,2,1,6,7.940933303
9593,HPH,3.885,29.19,13.56,0.2,3,1,2,8,9.508400205
10116,HPH,6.28,31.57,16.88,0.2,4,2,2,12,8.525382762
10444,HPH,24.39,37.1,35.67,0.2,4,1,1,3,8.478903863
10809,HPH,4.21,23.57,18.56,0.2,2,1,1,3,10.30916728
11666,HPH,6.04,21.44,22.45,0.2,2,2,1,6,8.034709386
12063,HPH,3.67,18.4,20.7,0.2,2,1,1,3,12.28117838
12600,HPH,12.37,37.7,28.76,0.2,6,2,1,7,10.49611078
12632,HPH,21.44,38.21,29.57,0.2,3,1,1,3,9.755571473
12650,HPH,16.04,42.2,22.24,0.2,3,1,2,8,8.347749778
12993,HPH,10.04,26.66,27.85,0.2,4,2,2,12,8.427862555
13258,HPH,5.29,30.16,18.05,0.2,3,1,1,3,8.677135666
13942,HPH,6.32,29.49,19.97,0.2,3,1,2,8,9.866848658
14484,HPH,12.41,30.68,20.51,0.2,4,1,1,3,8.169030435
14532,HPH,7.05,30.95,27.32,0.2,4,2,1,6,9.295692531
14797,HPH,1.84,16.98,11.6,0.2,3,1,1,3,18.3976673
15455,HPH,13.6,35.2,24.9,0.2,4,1,2,8,10.18591567
16691,HPH,8.87,28.6,27.4,0.2,3,2,1,6,15.80984494
19111,HPH,12.3,33.44,25.88,0.2,3,2,1,6,11.39830164
17174,HPH,5.02,39.17,39.74,0.2,5,2,2,12,
20809,HPH,14.32,33.64,31.72,0.2,4,1,2,8,9.668774731
21857,HPH,7.56,41.98,19.26,0.2,3,2,1,6,10.9815422
22862,HPH,9.71,37.56,23.66,0.2,3,2,1,6,8.904732724
23091,HPH,5.76,23.75,19.65,0.2,3,1,1,3,9.747613961
23220,HPH,6.07,35.46,17.88,0.2,3,2,3,20,10.43065399
I1351A,HPH,15.3,30.21,35.27,0.2,3,1,2,8,8.917761542
K2216F,HPH,17.87,25.76,30.22,0.2,3,1,1,3,8.75548364
K1625A,HPH,7.42,20.3,23.57,0.2,4,1,2,8,8.591695789
L0818A,HPH,4.8,28.98,16.59,0.2,4,2,2,12,9.994393793
L1231A,HPH,2.06,19.1,16.72,0.2,2,1,1,3,10.4792577
H1018A,HPH,1.62,16.82,15.22,0.2,3,1,2,8,10.44701532
G1148A,HPH,3.65,25.3,15.02,0.2,3,2,2,12,8.929468323
H1246A,HPH,4.86,24.45,20.14,0.2,4,2,1,6,9.376249971
M0623A,HPH,1.8,18.08,16.63,0.2,3,1,1,3,11.67372525
M0622A,HPH,8.61,30.97,21.83,0.2,5,2,2,13,10.23685823
S1123B,HPH,24.9,53.29,31.13,0.2,4,1,1,3,
Q1230H,HPH,1.81,14.47,17.36,0.2,4,1,1,4,12.01231131
I0839A,HPH,2.46,17.65,28.28,0.2,3,1,1,3,11.70521196
I1346C,HPH,1.61,15.74,20.52,0.2,2,1,1,3,18.5051618
ARA77AC,HPH,10.55,34.42,26.91,0.2,4,1,1,3,8.724032722
ARA65AK,HPH,16.87,32.32,31.3,0.2,3,1,2,8,9.895181733
ARA48AG,HPH,6.03,26.38,26.44,0.2,5,2,1,7,11.8188052
ARA45AE,HPH,6.53,23.97,22.46,0.2,4,2,2,12,10.72086435
ARA63AT,HPH,5.01,29.11,21.96,0.2,2,1,2,8,15.02167605
ARD26DA,HPH,14.43,31.56,32.48,0.2,5,1,3,15,13.09361002