,ID,Raw.Material,Mass,Length,Width,Percent.Cortex,N.Flake.Scars,Flake.scar.direction,Platform.facets,Cortex_Qual,fsbysa,dcbysa
1,25591,BQu,33.4,47.1,38.78,0.25,6,3,0,6,0.798915855,0.798915855
4,24886,FNy,8.1,38.71,25.83,1,0,0,0,1,0,0.144767357
5,25299,FNy,8.1,31.81,24.24,0.25,5,4,0,6,0.752130236,0.902556283
6,25495,FNy,10.6,36.24,31.82,0.25,2,1,0,6,0.283677542,0.851032625
7,25644,FNy,20.5,43.41,29.97,1,0,0,0,1,0,0.139452768
8,25819,FNy,8.7,37.28,27.69,0.25,3,2,0,6,0.432306038,0.864612077
9,25311,FNy,32.5,51.96,47.81,0.25,2,1,0,6,0.255829425,0.767488274
11,25230,NyR,2.8,28.6,21.56,0.25,1,1,0,6,0.155660279,0.933961677
12,25289,NyR,7.2,35.86,18.05,0.75,2,1,0,3,0.308986813,0.463480219
13,24885,OGr,6.6,31.34,19.66,0.25,2,1,0,6,0.311357641,0.934072923
14,77,BBa,24.87,40.64,41.78,0,4,2,1,8,0.537838949,1.075677899
15,890,BBa,6.35,29.91,18.98,0.2,4,2,1,6,0.630757767,0.946136651
16,8326,BBa,3.04,25.48,16.85,0,4,2,1,8,0.659821624,1.319643247
17,11686,BBa,7.83,35.01,16.11,0,6,3,1,8,0.947108126,1.262810835
18,15922,BBa,14.61,29.47,28.61,0.8,2,2,1,3,0.296862353,0.44529353
19,20934,BBa,7.85,32.9,22.89,0,7,3,1,8,1.056735719,1.207697965
20,D0620A,BBa,7.93,29.53,28.61,0.2,5,2,1,6,0.741931898,0.890318278
21,K0723A,BBa,1.68,19.21,12.63,0.8,2,2,1,3,0.364198825,0.546298237
23,574,BFe,16.75,35.36,38.41,0.95,3,2,1,2,0.415863871,0.277242581
24,615,BFe,3.98,30.54,14.98,0,6,4,1,8,0.979471377,1.305961836
25,2910,BFe,11.9,22.71,33.22,0,6,3,1,8,0.905529508,1.207372678
26,3043,BFe,7.05,28.78,21.9,0,5,3,1,8,0.775654701,1.241047522
27,5761,BFe,29.58,35.72,44.53,1,1,1,1,1,0.13565072,0.13565072
28,6234,BFe,10,45.77,18.76,0.05,5,2,1,7,0.740153465,1.036214851
29,8660,BFe,46.9,43.06,48.65,0.2,7,2,1,6,0.915362174,0.784596149
30,8968,BFe,25.93,42.43,37.59,0.8,4,3,1,3,0.542402762,0.406802071
31,10295,BFe,30.39,57.81,36.54,0.8,2,2,1,3,0.261247716,0.391871574
32,11133,BFe,36.48,45.71,40.38,1,1,1,1,1,0.1329672,0.1329672
33,19989,BFe,13.63,29.92,33.14,0.05,5,2,1,7,0.724714547,1.014600365
34,21191,BFe,5.89,34.61,21.13,0.6,4,2,1,4,0.606535129,0.606535129
35,ARA40AE,BFe,12.39,24.09,42.01,0.6,3,2,1,4,0.433544525,0.578059366
36,ARA54AA,BFe,20.09,26.09,51.33,0.4,3,2,1,5,0.416676651,0.694461085
37,ARA63AA,BFe,62.37,53.65,51.97,1,1,1,1,1,0.126053363,0.126053363
38,ARA80AB,BFe,230.17,91.67,74.02,1,1,1,1,1,0.113346165,0.113346165
39,F0648A,BFe,6.18,25.33,30.91,0.05,6,3,1,7,0.900485917,1.050566904
40,L1031A,BFe,1.37,15.56,13.96,0,3,1,1,8,0.557527591,1.486740242
41,24849,BFe,10.3,42.05,30.28,0.6,1,1,1,4,0.139872918,0.559491672
42,24994,BFe,13.1,42.69,31.29,0.25,3,2,1,6,0.416825103,0.833650206
43,25303,BFe,45.8,49.26,44.8,0,5,2,1,8,0.649407955,1.039052728
45,25383,BFe,9.2,42.33,25.95,0,2,1,1,8,0.285646234,1.142584936
46,25468,BFe,25.2,56.33,31.53,0.25,3,2,1,6,0.400953375,0.80190675
47,25536,BFe,39.3,55.7,47.7,0,5,3,1,8,0.634122523,1.014596036
48,1321,BQu,12.56,38.5,19.06,0.2,5,3,1,6,0.757776667,0.909332001
49,3817,BQu,14.24,38.89,27.93,0,5,3,1,8,0.715262709,1.144420335
50,4386,BQu,7.29,34.7,26.36,0.05,4,2,1,7,0.586631771,1.026605599
51,9362,BQu,20.9,50.99,28.09,0.6,4,2,1,4,0.550430196,0.550430196
52,9466,BQu,21.19,28.73,42.32,0.8,3,1,1,3,0.42234476,0.42234476
53,10908,BQu,20.07,33.3,30.31,0,5,4,1,8,0.722853063,1.156564901
54,11100,BQu,6.13,30.07,22.24,1,1,1,1,1,0.153717966,0.153717966
55,12167,BQu,1.47,19.81,11.49,0,3,2,1,8,0.552723976,1.473930603
56,19149,BQu,41.83,37.18,37.41,0.4,5,3,1,5,0.690826335,0.690826335
57,21217,BQu,5.53,35.24,17.5,1,1,1,1,1,0.155656979,0.155656979
58,22180,BQu,12.07,34.14,23.98,0,4,2,1,8,0.596330492,1.192660984
59,ARA75AC,BQu,5.66,26.14,15.74,0.05,3,2,1,7,0.498366028,1.162854065
60,ARB24BM,BQu,14.38,25.3,34.48,0.05,7,3,1,7,1.033792637,1.033792637
61,ARD01DD,BQu,7.15,25.73,19.23,0.2,4,2,1,6,0.6447319,0.967097851
62,ARD12DA,BQu,34.75,32.74,33.71,0.6,7,4,1,4,0.999087676,0.570907243
63,K0515A,BQu,8.02,23.87,26.21,0.2,3,2,1,6,0.465927972,0.931855944
64,K0808A,BQu,4.12,28.54,21.09,0,4,2,1,8,0.624989687,1.249979374
65,N1223A,BQu,7.54,19.54,32.34,0,5,3,1,8,0.775341835,1.240546935
66,25438,BQu,3.6,25.04,22.5,0,1,1,1,8,0.157878371,1.263026968
68,25840,BQu,72.7,74.52,53.22,0.4,3,2,1,5,0.36207825,0.603463751
69,25289,BQu,7.9,31.53,28.89,0.25,1,1,1,6,0.146747309,0.880483857
71,34,FNy,18.76,42.68,27.63,0.05,5,3,1,7,0.70695034,0.989730477
72,69,FNy,6.08,31.24,25.76,0.05,5,2,1,7,0.747325819,1.046256146
73,71,FNy,16.65,38.95,27.24,0.4,3,1,1,5,0.430603554,0.71767259
74,117,FNy,26.79,33.21,39.16,0.6,4,2,1,4,0.557840622,0.557840622
75,125,FNy,12.78,34.63,31.53,0.2,5,2,1,6,0.714728863,0.857674636
76,167,FNy,16.36,23.58,35.35,0.2,4,2,1,6,0.594733874,0.89210081
77,179,FNy,71.72,72.76,38.99,1,1,1,1,1,0.125778703,0.125778703
78,261,FNy,25.05,31.28,26.37,1,1,1,1,1,0.148915761,0.148915761
79,294,FNy,16.89,42.6,19.4,0.6,3,2,1,4,0.446619493,0.595492658
80,304,FNy,61.64,47.53,47.11,1,1,1,1,1,0.129637012,0.129637012
81,307,FNy,1.82,15.06,23.46,0.8,3,1,1,3,0.511305034,0.511305034
82,370,FNy,23.94,50.04,27.04,0.2,4,1,1,6,0.554774253,0.83216138
83,373,FNy,6.35,30.71,21.12,0.8,2,2,1,3,0.30888943,0.463334146
84,404,FNy,18.47,34,30.12,0.8,2,1,1,3,0.288535756,0.432803634
85,416,FNy,4.93,17.03,22.36,0.4,3,1,1,5,0.504859258,0.841432097
86,475,FNy,13.31,28.3,27.42,0.8,2,1,1,3,0.300565011,0.450847516
87,486,FNy,31.5,47.69,24.86,1,1,1,1,1,0.141283211,0.141283211
88,568,FNy,13.13,30.31,22.91,0.95,2,1,1,2,0.305667791,0.305667791
89,585,FNy,12.89,35.19,23.27,0.2,3,2,1,6,0.447232063,0.894464126
90,593,FNy,7.02,22.39,34.21,0,3,2,1,8,0.451730188,1.204613834
91,604,FNy,9.57,20.24,38.89,1,1,1,1,1,0.149961055,0.149961055
92,625,FNy,22.95,29.34,36.6,0.6,2,1,1,4,0.286574007,0.573148014
93,730,FNy,8.34,28.85,26.11,0.05,5,2,1,7,0.754782106,1.056694948
94,805,FNy,7.57,30.54,30.01,0,6,3,1,8,0.879692136,1.172922849
95,825,FNy,12.76,37.34,24.41,0.6,2,2,1,4,0.293467788,0.586935575
96,849,FNy,8.96,38.75,20.74,0.6,3,1,1,4,0.448484462,0.597979282
97,850,FNy,56.24,34.02,36.78,0.8,2,1,1,3,0.28043007,0.420645104
98,873,FNy,12.11,33.45,24.52,0.8,3,1,1,3,0.447124482,0.447124482
99,886,FNy,6.38,35.63,17.33,0.8,2,2,1,3,0.311253668,0.466880502
100,942,FNy,15.49,35.2,23.07,0.6,2,2,1,4,0.298526214,0.597052428
101,943,FNy,5.31,28.04,21.27,0.6,2,1,1,4,0.312943515,0.625887029
102,945,FNy,22.04,33.06,28.88,0.2,5,2,1,6,0.728706461,0.874447753
103,965,FNy,5.27,27.3,21.37,1,1,1,1,1,0.157013607,0.157013607
104,1044,FNy,6.7,33.39,21.83,0.8,2,1,1,3,0.303419157,0.455128735
105,1107,FNy,12.99,41.63,21.43,0.8,2,1,1,3,0.294394167,0.44159125
106,1322,FNy,6.05,32.76,20.33,0,3,2,1,8,0.461445754,1.230522012
107,1325,FNy,5.1,23.56,17.68,0.4,2,2,1,5,0.331565843,0.828914608
108,1338,FNy,6.75,23.99,24.4,0.95,2,1,1,2,0.313862348,0.313862348
109,1361,FNy,8.13,33.31,22.68,0.2,2,1,1,6,0.30178015,0.90534045
110,1527,FNy,2.23,16.47,19.72,1,1,1,1,1,0.17291543,0.17291543
111,1540,FNy,8.51,33.49,24.89,1,1,1,1,1,0.148683121,0.148683121
112,1589,FNy,7.04,27.2,26.09,0.8,2,1,1,3,0.304656566,0.456984848
113,1835,FNy,7.55,24.95,22.89,0.4,4,2,1,5,0.630162016,0.78770252
114,1915,FNy,5.05,20.48,26.25,1,1,1,1,1,0.15905547,0.15905547
115,2086,FNy,7.2,29.57,21.95,0.6,2,1,1,4,0.308855149,0.617710297
116,2102,FNy,11.32,27.82,35.98,1,1,1,1,1,0.144744646,0.144744646
117,2124,FNy,3.71,26.07,13,0.4,3,2,1,5,0.514956519,0.858260864
118,2177,FNy,9.72,19.03,30.22,0.2,3,1,1,6,0.472104848,0.944209696
119,2199,FNy,15.91,21.99,19.59,1,1,1,1,1,0.164863961,0.164863961
120,2353,FNy,1.76,16.86,15.66,0.2,3,2,1,6,0.53801491,1.07602982
121,2543,FNy,16.61,31.9,32.48,0.4,2,1,1,5,0.288050352,0.720125881
122,2560,FNy,78.66,60.83,46.39,0.4,4,2,1,5,0.503450714,0.629313392
123,2662,FNy,74.87,48.47,32.14,1,1,1,1,1,0.136035055,0.136035055
124,2875,FNy,10.63,31.43,26.06,0.4,1,1,1,5,0.149072077,0.745360383
125,2908,FNy,5.49,26.11,15.15,0.6,2,1,1,4,0.334430325,0.668860651
126,3072,FNy,3.29,18.54,32.71,1,1,1,1,1,0.156064395,0.156064395
127,3093,FNy,3.64,29.47,19.12,0,3,1,1,8,0.473626301,1.263003468
128,3112,FNy,15.47,34.92,29.95,0,3,1,1,8,0.431493934,1.150650489
129,3131,FNy,3.99,19.55,17.68,0.4,3,1,1,5,0.513223253,0.855372089
130,3178,FNy,40.57,43.15,37.75,0.8,2,2,1,3,0.270428585,0.405642877
131,3193,FNy,16.23,34.56,29.95,0,4,3,1,8,0.576184043,1.152368086
132,3231,FNy,16.81,34.45,25.45,0.8,2,2,1,3,0.295149597,0.442724395
133,3237,FNy,2.71,21.64,21.67,0.4,3,1,1,5,0.487767422,0.812945703
134,3332,FNy,12.36,52.01,16.69,0.6,3,1,1,4,0.443377334,0.591169779
135,3380,FNy,20.78,34.96,37.23,0.4,2,1,1,5,0.278888706,0.697221766
136,3391,FNy,24.48,31.57,33.13,0.8,3,1,1,3,0.431490367,0.431490367
137,3468,FNy,66.25,58.26,46.75,0.8,2,2,1,3,0.252853131,0.379279697
138,3490,FNy,5.19,22.33,21.94,0.6,2,1,1,4,0.32288048,0.645760961
139,3502,FNy,86.32,64.18,38.33,0.8,2,1,1,3,0.256150017,0.384225026
140,3518,FNy,9.44,42.21,15.75,0.6,2,1,1,4,0.307716095,0.615432191
141,3633,FNy,17.06,31.54,34.76,1,1,1,1,1,0.142862778,0.142862778
142,3876,FNy,83.52,41.82,54.55,1,1,1,1,1,0.129324408,0.129324408
143,3961,FNy,12.42,45.05,24.05,0.05,3,1,1,7,0.429313037,1.001730421
144,4447,FNy,13.64,33.67,27.71,0.8,3,1,1,3,0.438699073,0.438699073
145,4656,FNy,10.29,17.73,36.28,1,1,1,1,1,0.154642569,0.154642569
146,4777,FNy,47.32,37.57,34,0.6,2,1,1,4,0.279619914,0.559239829
147,5156,FNy,10.11,45.23,20.95,0,5,1,1,8,0.729511747,1.167218795
148,5172,FNy,8.01,30.04,23.99,0.2,3,2,1,6,0.455915487,0.911830974
149,5194,FNy,7.71,21.81,25.57,0.2,3,1,1,6,0.474399177,0.948798355
150,5353,FNy,25.77,32.96,30.16,0.2,6,2,1,6,0.869337017,0.869337017
151,5356,FNy,10.96,32.44,24.32,0.2,4,2,1,6,0.599638003,0.899457004
152,5449,FNy,54.41,42.4,44.94,0.4,3,1,1,5,0.397220693,0.662034488
153,5556,FNy,12.46,33.36,28.65,0.2,3,1,1,6,0.437157768,0.874315536
154,5660,FNy,5.17,24.76,22.75,0.2,2,1,1,6,0.315766476,0.947299429
155,5684,FNy,12.53,25.41,26.86,0.4,2,2,1,5,0.306476727,0.766191818
156,5796,FNy,11.09,30.39,24.91,0.05,3,1,1,7,0.452530805,1.055905213
157,5810,FNy,3.77,21.09,21.4,0.05,3,2,1,7,0.490822445,1.145252372
158,5902,FNy,4.62,24.36,23.49,0,3,2,1,8,0.472476865,1.259938306
159,6189,FNy,10.61,36.93,23.86,0.8,1,1,1,3,0.147465924,0.442397772
160,6191,FNy,24.12,49.62,35.16,1,1,1,1,1,0.133970981,0.133970981
161,6264,FNy,12.78,47.93,16.05,0.6,2,1,1,4,0.300957777,0.601915554
162,6338,FNy,5.51,29.13,16.15,0.2,4,2,1,6,0.65001664,0.97502496
163,6342,FNy,5.19,22.95,25.99,1,1,1,1,1,0.156469307,0.156469307
164,6412,FNy,3.02,26.27,17.91,0.05,3,1,1,7,0.4875047,1.137510968
165,6615,FNy,5.24,20.79,24.16,0.2,2,1,1,6,0.321586296,0.964758889
166,6885,FNy,26.14,52.61,25.31,1,1,1,1,1,0.139002682,0.139002682
167,6921,FNy,5.23,33.51,14.5,0,4,1,1,8,0.646622182,1.293244364
168,7210,FNy,4.59,29.1,22.97,0.4,4,1,1,5,0.614918489,0.768648111
169,7676,FNy,7.67,23.2,27.66,0.8,2,1,1,3,0.309399258,0.464098888
170,7787,FNy,4.36,23.3,23.36,0,3,1,1,8,0.476229896,1.269946389
171,7851,FNy,17.89,27.84,33.33,0.4,2,1,1,5,0.292700129,0.731750323
172,7931,FNy,10.04,19.69,33.57,1,1,1,1,1,0.153994375,0.153994375
173,8293,FNy,14.91,33.66,35.79,0.2,3,2,1,6,0.422893854,0.845787708
174,8514,FNy,20.62,32.69,29.45,0.2,3,2,1,6,0.436696279,0.873392559
175,9400,FNy,38.06,46.21,32.4,0.4,4,2,1,5,0.547094238,0.683867798
176,9918,FNy,5.37,24.56,23.4,1,1,1,1,1,0.157384766,0.157384766
177,10094,FNy,8.2,22.67,31.27,0.6,3,1,1,4,0.457059167,0.609412222
178,10095,FNy,18.27,40.77,26.78,0.8,2,1,1,3,0.285893915,0.428840872
179,10194,FNy,4.28,26.33,19.51,0,4,2,1,8,0.640857608,1.281715216
180,10444,FNy,24.39,37.1,35.67,0.2,4,1,1,6,0.556488681,0.834733022
181,10528,FNy,9.78,32.51,23.65,1,1,1,1,1,0.150491109,0.150491109
182,10558,FNy,26.61,45.19,35.83,0.8,2,1,1,3,0.270648397,0.405972595
183,10686,FNy,14.73,35.81,21.82,0.8,2,1,1,3,0.300252775,0.450379163
184,10692,FNy,17.05,24.59,33.5,0.8,2,1,1,3,0.297890106,0.446835159
185,10724,FNy,71.31,55.76,43.4,1,1,1,1,1,0.128344724,0.128344724
186,10809,FNy,4.21,23.57,18.56,0.2,2,1,1,6,0.32889417,0.986682509
187,11095,FNy,3.91,14.24,18.49,0.8,2,2,1,3,0.35885479,0.538282185
188,11097,FNy,14.54,32.59,24.26,0.4,3,1,1,5,0.449584063,0.749306772
189,11122,FNy,16.22,21.81,32.61,1,1,1,1,1,0.152276822,0.152276822
190,11285,FNy,9.498,23.89,33.32,0.05,4,2,1,7,0.59883666,1.047964155
191,11407,FNy,9.04,32.78,20.34,0.4,3,2,1,5,0.461367545,0.768945909
192,11410,FNy,5.27,24.11,24.51,0.05,2,1,1,7,0.31339573,1.096885053
193,11431,FNy,31.45,40.91,3.95,0.4,2,2,1,5,0.393306698,0.983266745
194,11456,FNy,13.65,51.83,18.74,0.8,2,2,1,3,0.290755597,0.436133395
195,11549,FNy,19.71,24.14,30.9,0.6,3,1,1,4,0.453540354,0.604720472
196,11620,FNy,5.28,38.36,13.65,0.6,2,1,1,4,0.319450302,0.638900603
197,11637,FNy,11.04,19.15,28.86,0.8,2,1,1,3,0.316718328,0.475077493
198,11651,FNy,5.2,29.23,14.7,0.8,2,1,1,3,0.329867358,0.494801037
199,11659,FNy,8.05,24.13,21.43,0.4,3,1,1,5,0.480134615,0.800224359
200,11666,FNy,6.04,21.44,22.45,0.2,2,2,1,6,0.323805416,0.971416247
201,11766,FNy,10.28,26.53,29.53,1,1,1,1,1,0.150067166,0.150067166
202,11865,FNy,17.99,39.91,24.73,1,1,1,1,1,0.145040121,0.145040121
203,12063,FNy,3.67,18.4,20.7,0.2,2,1,1,6,0.336559573,1.009678719
204,12102,FNy,50.9,54.97,36.21,1,1,1,1,1,0.131646106,0.131646106
205,12240,FNy,18.97,39.58,27.86,0.95,2,2,1,2,0.285489324,0.285489324
206,12294,FNy,19.68,40.35,35.81,0.8,2,2,1,3,0.27488316,0.412324739
207,12477,FNy,41.45,44.04,43.55,0,5,3,1,8,0.661462455,1.058339928
208,12513,FNy,30.4,35.1,36.9,0.8,2,2,1,3,0.279079658,0.418619487
209,12600,FNy,12.37,37.7,28.76,0.2,6,2,1,6,0.858535447,0.858535447
210,12632,FNy,21.44,38.21,29.57,0.2,3,1,1,6,0.426751177,0.853502353
211,12839,FNy,13.25,15.34,37.89,1,1,1,1,1,0.157105463,0.157105463
212,12854,FNy,13.08,34.89,24.12,0.8,3,1,1,3,0.445418318,0.445418318
213,13129,FNy,5.23,19.22,25.5,0.6,2,1,1,4,0.322860291,0.645720583
214,13258,FNy,5.29,30.16,18.05,0.2,3,1,1,6,0.476216008,0.952432017
215,13277,FNy,6.73,23.15,22.11,0.05,3,2,1,7,0.480921463,1.12215008
216,13587,FNy,22.16,32.43,33.84,0.8,3,1,1,3,0.428526895,0.428526895
217,13712,FNy,37.16,40.58,28.4,0.6,3,2,1,4,0.425552168,0.56740289
218,13811,FNy,7.82,24.93,22.91,0.4,3,1,1,5,0.472616193,0.787693655
219,13930,FNy,2.56,24.01,15.75,0.8,2,1,1,3,0.336966349,0.505449523
220,13983,FNy,8.38,18.58,28.49,0.05,4,1,1,7,0.637791824,1.116135691
221,14140,FNy,14.94,33.56,20.18,0.95,3,1,1,2,0.460261985,0.306841324
222,14484,FNy,12.41,30.68,20.51,0.2,4,1,1,6,0.620682036,0.931023055
223,14512,FNy,8.05,28.49,25.82,1,1,1,1,1,0.151499025,0.151499025
224,14530,FNy,22.03,25.36,40.01,0.05,4,1,1,7,0.577842411,1.01122422
225,14532,FNy,7.05,30.95,27.32,0.2,4,2,1,6,0.593472512,0.890208767
226,14670,FNy,7.71,31.42,20.14,0,4,2,1,8,0.620140375,1.240280749
227,14775,FNy,11.46,36.5,18.87,0.6,4,2,1,4,0.612099466,0.612099466
228,14797,FNy,1.84,16.98,11.6,0.2,3,1,1,6,0.567854734,1.135709468
229,14911,FNy,13.07,32.39,21.02,0,3,2,1,8,0.459888234,1.226368624
230,14959,FNy,4.39,20.63,20.13,0,4,2,1,8,0.663464613,1.326929226
231,15124,FNy,11.12,27.62,25.16,0,3,1,1,8,0.458449529,1.222532077
232,15213,FNy,4.24,20.22,24.4,0,3,2,1,8,0.483773016,1.290061375
233,15224,FNy,23.91,46.71,18.84,1,1,1,1,1,0.147493919,0.147493919
234,15274,FNy,22.63,35.44,25.59,0.6,2,1,1,4,0.293683912,0.587367823
235,15682,FNy,36.36,46.81,44.76,0.05,3,1,1,7,0.392289588,0.915342372
236,15794,FNy,26.82,31.12,39.26,0,5,2,1,8,0.703427122,1.125483395
237,15900,FNy,18.81,40.67,26.18,0.95,2,1,1,2,0.28692402,0.28692402
238,15942,FNy,12.27,23.51,28.16,0.95,2,1,1,2,0.307913608,0.307913608
239,16200,FNy,6.67,21.63,30.47,0.95,2,1,1,2,0.308127297,0.308127297
240,16263,FNy,8.32,17.05,22.61,0.6,2,2,1,4,0.33587803,0.67175606
241,16270,FNy,30.77,31.68,30.36,0.4,5,2,1,5,0.727927966,0.727927966
242,16314,FNy,9.02,31.9,28.31,0.4,2,2,1,5,0.293866084,0.734665211
243,16372,FNy,7.25,17.79,27.15,0,4,3,1,8,0.647247772,1.294495544
244,16596,FNy,29.74,59.02,31.59,1,1,1,1,1,0.132789481,0.132789481
245,16641,FNy,20.97,41.81,25.52,0.6,3,2,1,4,0.430255695,0.57367426
246,16691,FNy,8.87,28.6,27.4,0.2,3,2,1,6,0.450183468,0.900366936
247,16710,FNy,35.3,32.44,39.26,1,1,1,1,1,0.139867996,0.139867996
248,17012,FNy,7.28,26.5,20.66,0.4,3,2,1,5,0.475786873,0.792978122
249,17320,FNy,13.02,26.15,21.13,0.8,3,1,1,3,0.475093762,0.475093762
250,17324,FNy,15.59,36.08,33.61,0,5,2,1,8,0.70416958,1.126671328
251,17560,FNy,22.09,26.46,36.77,0.95,2,2,1,2,0.290684304,0.290684304
252,17738,FNy,10.03,30.4,20.52,0.6,2,1,1,4,0.310759618,0.621519237
253,17817,FNy,10.82,34.52,26.58,0.05,3,2,1,7,0.439773211,1.026137493
254,18523,FNy,30.06,41.45,32.6,0.4,2,1,1,5,0.27743868,0.693596699
255,18807,FNy,39.57,32.63,29.74,1,1,1,1,1,0.145396914,0.145396914
256,19111,FNy,12.3,33.44,25.88,0.2,3,2,1,6,0.44357548,0.887150959
257,19586,FNy,8.91,32.99,19.98,0.8,2,2,1,3,0.30812196,0.462182939
258,19625,FNy,51.57,47.15,27.98,0.8,2,2,1,3,0.278364509,0.417546764
259,20189,FNy,19.93,26.57,28.18,0.8,3,1,1,3,0.453282084,0.453282084
260,20225,FNy,34.25,19.66,42.37,1,1,1,1,1,0.148698295,0.148698295
261,20983,FNy,12.5,32.93,22.8,0.4,4,1,1,5,0.604125151,0.755156439
262,21114,FNy,25.04,46.54,28.53,1,1,1,1,1,0.139057529,0.139057529
263,21265,FNy,24.47,29.19,35.47,1,1,1,1,1,0.144040052,0.144040052
264,21296,FNy,15.68,46.37,15.37,1,1,1,1,1,0.152228544,0.152228544
265,21702,FNy,28.36,38.12,34.19,0.4,3,1,1,5,0.418254157,0.697090262
266,21850,FNy,11.15,24,22.59,0.8,2,2,1,3,0.317684151,0.476526226
267,21857,FNy,7.56,41.98,19.26,0.2,3,2,1,6,0.448080621,0.896161241
268,22000,FNy,27.33,49.62,32.41,0.95,2,2,1,2,0.270897691,0.270897691
269,22089,FNy,6.13,30.3,16.94,0,2,2,1,8,0.32047043,1.28188172
270,22798,FNy,29.79,34.13,37.5,0.6,5,2,1,4,0.698859128,0.559087303
271,22819,FNy,19.64,28.49,37.31,1,1,1,1,1,0.143496429,0.143496429
272,22862,FNy,9.71,37.56,23.66,0.2,3,2,1,6,0.441844077,0.883688153
273,22897,FNy,9.13,37.59,18.59,0.6,2,1,1,4,0.305373263,0.610746526
274,23091,FNy,5.76,23.75,19.65,0.2,3,1,1,6,0.488149371,0.976298742
275,23461,FNy,4.67,17.38,20.88,1,1,1,1,1,0.169660845,0.169660845
276,23550,FNy,6.79,20.98,31.75,0.05,3,1,1,7,0.461434651,1.076680852
277,23684,FNy,39.06,46.73,42.12,1,1,1,1,1,0.131840737,0.131840737
278,23773,FNy,15.56,23.38,35.86,0.8,2,2,1,3,0.297110448,0.445665672
279,23793,FNy,46.84,58.98,32.6,0.95,3,1,1,2,0.396746116,0.264497411
280,23939,FNy,3.63,19.44,23.81,0.6,2,1,1,4,0.325868848,0.651737696
281,23967,FNy,56.39,42.6,42.34,0.8,2,1,1,3,0.266752507,0.40012876
282,23988,FNy,9.94,39.07,22.67,0.4,2,1,1,5,0.294707175,0.736767938
283,24222,FNy,7.39,25.62,22.14,0.8,2,1,1,3,0.315419641,0.473129462
284,24584,FNy,12.42,33.86,30.14,0.8,2,1,1,3,0.288679954,0.433019931
285,21425B,FNy,28.92,41.74,33.86,0.8,2,1,1,3,0.275721573,0.41358236
286,ARA__BB,FNy,15.97,44.98,29.32,0,7,4,1,8,0.974321367,1.113510134
287,ARA48AG,FNy,6.03,26.38,26.44,0.2,5,2,1,6,0.763652095,0.916382514
288,ARA61AG,FNy,2.71,16.14,17.35,0.6,4,1,1,4,0.709862615,0.709862615
289,ARA63AK,FNy,18.18,46.89,28.89,0.6,4,2,1,4,0.554685012,0.554685012
290,ARA65AN,FNy,17.34,33.94,26.97,0.8,2,1,1,3,0.2932844,0.4399266
291,ARA77AC,FNy,10.55,34.42,26.91,0.2,4,1,1,6,0.585554166,0.878331249
292,ARD03DF,FNy,8.08,27.84,24.78,0,7,3,1,8,1.070907753,1.223894575
293,ARD06DB,FNy,19.66,38.38,37.22,1,1,1,1,1,0.137657945,0.137657945
294,ARD19DA,FNy,9.67,35.91,24.42,0,4,1,1,8,0.590282334,1.180564669
295,F0633A,FNy,11.91,38.13,22.25,0.8,2,1,1,3,0.296588782,0.444883173
296,F1313A,FNy,13.1,36.95,24.53,0.4,5,1,1,5,0.734272345,0.734272345
297,F1336B,FNy,4.71,18.13,18.7,1,1,1,1,1,0.171641656,0.171641656
298,F1547D,FNy,2.13,19.66,17.79,0.05,3,2,1,7,0.512188147,1.195105677
299,G0624A,FNy,13.27,36.88,31.12,0,5,2,1,8,0.709670816,1.135473306
300,G1042B,FNy,1.18,14.04,17.3,0.8,2,1,1,3,0.364125159,0.546187738
301,G1141A,FNy,2.89,20.07,15.46,0.8,2,1,1,3,0.348584959,0.522877439
302,G1150A,FNy,4.28,16.98,23.4,0,3,1,1,8,0.501272212,1.336725898
303,G1245A,FNy,2.18,19.32,17.25,0.4,2,1,1,5,0.344296125,0.860740313
304,H1042A,FNy,2.6,15.6,15.99,0,3,2,1,8,0.543553645,1.449476388
305,H1230B,FNy,3.24,17.79,18.42,0.6,2,1,1,4,0.345299484,0.690598967
306,H1246A,FNy,4.86,24.45,20.14,0.2,4,2,1,6,0.645230174,0.96784526
307,H1547A,FNy,4.87,17.7,24.01,0.4,3,1,1,5,0.495701029,0.826168381
308,I0839A,FNy,2.46,17.65,28.28,0.2,3,1,1,6,0.482867023,0.965734046
309,I0842A,FNy,1.69,18.74,16.46,0,4,2,1,8,0.697886202,1.395772404
310,I0843C,FNy,4.93,22.81,19.8,0.4,3,2,1,5,0.490766958,0.81794493
311,I1346C,FNy,1.61,15.74,20.52,0.2,2,1,1,6,0.346164182,1.038492546
312,I1747A,FNy,5.21,25.2,25.23,0,3,2,1,8,0.464764805,1.239372812
313,J1039A,FNy,0.98,10.69,15.41,0,2,1,1,8,0.391824551,1.567298206
314,J1337A,FNy,6.77,31.57,17.78,0.4,3,2,1,5,0.473912572,0.789854286
315,J1343D,FNy,2.85,14.75,21.2,0.8,3,1,1,3,0.52217101,0.52217101
316,J2017C,FNy,2.2,21.53,14.97,0,4,2,1,8,0.692581267,1.385162535
317,J2018E,FNy,7.16,27.01,22.72,0.8,2,1,1,3,0.311553036,0.467329555
318,J2215H,FNy,17.36,36.83,28.81,1,1,1,1,1,0.143533075,0.143533075
319,J2218B,FNy,3.85,30.31,17.36,0.4,2,1,1,5,0.319200905,0.798002262
320,K0523A,FNy,3.19,18.42,26.34,0.05,2,1,1,7,0.323387773,1.131857204
321,K0726A,FNy,6.09,28.35,21.13,0.8,2,1,1,3,0.312728641,0.469092961
322,K1024B,FNy,4.14,19.08,20.05,1,1,1,1,1,0.16815569,0.16815569
323,K1318A,FNy,1.15,8.81,16.61,0,2,1,1,8,0.401131804,1.604527217
324,K1425A,FNy,5.56,26.29,19.43,0.4,3,1,1,5,0.481077081,0.801795136
325,K1426A,FNy,5.64,21.3,25.43,1,1,1,1,1,0.158865405,0.158865405
326,K1620A,FNy,4.1,29.8,14.65,0.8,3,1,1,3,0.493506383,0.493506383
327,K2216F,FNy,17.87,25.76,30.22,0.2,3,1,1,6,0.450631322,0.901262643
328,L0331A,FNy,4.84,26.16,27.6,0,4,2,1,8,0.607713652,1.215427303
329,L0818B,FNy,2.02,16.36,14.89,0,4,2,1,8,0.727864391,1.455728783
330,L0821C,FNy,1.94,17.07,16.48,0,4,2,1,8,0.709286503,1.418573007
331,L0923A,FNy,67.86,48.97,46.87,0.8,2,1,1,3,0.258445158,0.387667737
332,L1231A,FNy,2.06,19.1,16.72,0.2,2,1,1,6,0.346843227,1.040529682
333,L1319A,FNy,11.87,31.74,35.42,0.05,3,1,1,7,0.427055118,0.996461941
334,L1319E,FNy,2.06,21.27,20.38,0.4,3,1,1,5,0.494083217,0.823472028
335,L1522A,FNy,3.76,26.95,18.02,0.4,4,1,1,5,0.646677274,0.808346593
336,M0231A,FNy,9.01,21.16,28.72,0.05,5,3,1,7,0.780066937,1.092093712
337,M0623A,FNy,1.8,18.08,16.63,0.2,3,1,1,6,0.525761006,1.051522011
338,M0722A,FNy,3.76,26.88,16.68,0.6,2,2,1,4,0.327568514,0.655137029
339,M1215A,FNy,11.69,39.04,22.13,0.05,5,2,1,7,0.739478597,1.035270036
340,M1525A,FNy,7.91,42.27,17.2,0.8,2,2,1,3,0.303536796,0.455305193
341,N0913A,FNy,2.87,26.85,11.59,1,1,1,1,1,0.174203631,0.174203631
342,N1115B,FNy,1.86,19.64,16.59,0,4,1,1,8,0.69127987,1.38255974
343,O0519A,FNy,8.14,33.73,20.08,1,1,1,1,1,0.15341866,0.15341866
344,O1015A,FNy,12.88,42.31,19.02,0.8,2,1,1,3,0.298930672,0.448396008
345,Q1230H,FNy,1.81,14.47,17.36,0.2,4,1,1,6,0.723818632,1.085727948
346,Q1328A,FNy,6.27,25.95,22.62,1,1,1,1,1,0.156862595,0.156862595
347,S1123B,FNy,24.9,53.29,31.13,0.2,4,1,1,6,0.5395256,0.809288399
348,24711,FNy,5.1,32.6,21.83,0,5,3,1,8,0.761313407,1.218101452
349,24881,FNy,84.3,63.18,58.84,0.4,1,1,1,5,0.121642519,0.608212596
350,25294,FNy,28.1,45.45,44.56,0.1,1,1,1,7,0.131346509,0.919425561
351,25382,FNy,14.3,48.35,24.06,0.75,1,1,1,3,0.141662785,0.424988356
352,25543,FNy,14.5,43.21,32.3,0.2,1,1,1,6,0.138099818,0.828598906
353,25595,FNy,19.9,40.39,35.98,0.4,2,2,1,5,0.274666966,0.686667415
355,25457(b),FNy,8.5,41.22,25.22,0.25,4,3,1,6,0.575824506,0.863736759
356,25394,FNy,17.3,51.95,26.33,0.1,6,3,1,7,0.830910917,0.96939607
357,25331,FNy,7.4,45.73,25.25,0.25,2,2,1,6,0.283624351,0.850873054
358,1666,HLi,176.48,75.09,64.43,0.8,2,1,1,3,0.235730448,0.353595671
359,2064,HLi,20.92,37.28,25.67,0,3,2,1,8,0.437076947,1.165538525
360,2866,HLi,10.8,34.15,29.53,0,3,1,1,8,0.433766132,1.156709686
361,2992,HLi,26.73,40.13,32.19,0.05,4,1,1,7,0.558364437,0.977137764
362,3727,HLi,8.14,15.94,27.41,1,1,1,1,1,0.164480729,0.164480729
363,5518,HLi,6.07,33.84,19.2,1,1,1,1,1,0.154403102,0.154403102
364,5755,HLi,28.44,40.33,45.91,0,4,2,1,8,0.531647757,1.063295514
365,6902,HLi,4.27,25.58,15.57,0.2,3,2,1,6,0.501072564,1.002145128
366,11247,HLi,72.98,52.66,56.1,1,1,1,1,1,0.125140909,0.125140909
367,12077,HLi,16.08,36.03,24.82,0.4,3,1,1,5,0.441436028,0.735726714
368,13245,HLi,8.65,30.28,29.51,0.05,2,2,1,7,0.294324686,1.030136402
369,14316,HLi,4.43,24.52,27.51,0,2,1,1,8,0.307029187,1.228116747
370,14475,HLi,22.44,42.42,27.04,0.4,3,1,1,5,0.425837721,0.709729535
371,15319,HLi,36.03,40.03,33.45,0.6,3,1,1,4,0.41668513,0.555580174
372,20510,HLi,23.42,37.23,34.62,1,1,1,1,1,0.139634646,0.139634646
373,22172,HLi,5.27,13.64,18.14,0.6,2,1,1,4,0.362902239,0.725804478
374,ARA40AA,HLi,20.34,41.43,30.78,0,5,2,1,8,0.699215582,1.118744932
375,ARB02BA,HLi,33.89,47.91,53.22,1,1,1,1,1,0.127489901,0.127489901
376,G0618A,HLi,9.56,31.85,29.98,1,1,1,1,1,0.145739286,0.145739286
377,G0808A,HLi,4.24,21.52,23.03,0,2,1,1,8,0.322280174,1.289120694
378,H0810A,HLi,68.39,45.79,58.61,1,1,1,1,1,0.126662909,0.126662909
379,K0725C,HLi,4.9,24.33,17.3,0.4,2,1,1,5,0.330993394,0.827483486
380,K1011A,HLi,15.63,35.78,28.47,0.4,2,1,1,5,0.28875696,0.7218924
381,K1313A,HLi,2.95,23.08,18.54,0.4,2,1,1,5,0.330093085,0.825232711
382,25499,HLi,9.6,38.14,23.18,0,1,1,1,8,0.147393636,1.179149088
383,25499,HLi,11.5,43.96,24.58,0.75,1,1,1,3,0.143159552,0.429478657
384,2056,NyR,8.13,25.48,26.15,0,5,3,1,8,0.76902455,1.23043928
385,4125,NyR,3.16,28.79,16.92,0.05,4,2,1,7,0.64635763,1.131125852
386,5369,NyR,5.59,24.26,19.98,0,7,4,1,8,1.13203385,1.293752972
387,5998,NyR,7.71,31.63,23.39,0,6,3,1,8,0.908208211,1.210944281
388,6658,NyR,17.31,38.55,30.82,0,5,2,1,8,0.706202727,1.129924363
389,11702,NyR,38.59,44.83,32.34,0.6,2,2,1,4,0.274756131,0.549512263
390,14181,NyR,18.34,31.63,24.19,0.2,4,3,1,6,0.602405523,0.903608285
391,18608,NyR,51.61,63.56,53.79,1,1,1,1,1,0.12289433,0.12289433
392,18736,NyR,16.43,41.21,30.42,1,1,1,1,1,0.140178114,0.140178114
393,19072,NyR,5.15,25.64,20.58,0,5,2,1,8,0.797642378,1.276227805
394,ARA52AA,NyR,18.89,30.89,34.44,0.8,2,1,1,3,0.286958407,0.43043761
395,ARA63AB,NyR,16.43,31.13,30.63,0,6,3,1,8,0.874616201,1.166154935
396,ARD06DA,NyR,4.16,24.6,18.3,0,7,3,1,8,1.145728947,1.309404511
397,F0621A,NyR,3.87,27.27,15.59,0.6,3,2,1,4,0.495669756,0.660893008
398,G0808B,NyR,3.15,15.21,22.78,0.2,4,2,1,6,0.684013703,1.026020554
399,H1426A,NyR,3.45,20.98,16.84,0,4,2,1,8,0.681741492,1.363482985
400,K0420C,NyR,2.77,23.13,18.35,0.05,5,3,1,7,0.826342469,1.156879457
401,L1325A,NyR,1.12,21.51,11.72,0.2,3,2,1,6,0.542513655,1.08502731
402,M1011A,NyR,2.35,18.76,20.74,0.05,6,2,1,7,1.006071449,1.173750024
403,N1428A,NyR,1.94,19.49,19.22,0,4,2,1,8,0.675008316,1.350016633
404,P1018B,NyR,1.07,16.34,9.86,0,4,2,1,8,0.787075859,1.574151718
405,25449,NyR,2.3,28.22,20.4,0,2,1,1,8,0.314684805,1.25873922
406,25505,NyR,4.1,29.51,21.77,0,3,3,1,8,0.464018314,1.23738217
407,25341,NyR,15.4,43.68,29.6,0.25,3,2,1,6,0.418721619,0.837443238
408,25690,NyR,29.3,50.97,41.53,0.75,2,1,1,3,0.26117662,0.39176493
409,3414,OGr,49.22,41.16,43.56,0,4,2,1,8,0.533930894,1.067861788
410,10719,OGr,8.75,24.87,31.08,0.4,3,2,1,5,0.451112435,0.751854059
411,13614,OGr,27.04,47.38,30.67,0,5,2,1,8,0.6866731,1.09867696
412,ARA48AE,OGr,106.64,42.4,70.41,1,1,1,1,1,0.124976822,0.124976822
413,ARD03DG,OGr,19.53,34.21,34.09,0.4,4,2,1,5,0.566450115,0.708062644
414,ARD11DC,OGr,34.06,40.77,31.6,0.6,4,2,1,4,0.55857312,0.55857312
415,25762,OGr,14.1,46.97,25.16,0,2,1,1,8,0.282694921,1.130779684
416,25291,OGr,46.8,67.9,44,0.25,2,2,1,6,0.249930467,0.749791402
417,288,BBa,8.72,29.86,31.31,0,5,2,2,8,0.730945281,1.169512449
418,360,BBa,21.44,48.7,31.76,0.05,5,3,2,7,0.680838393,0.953173751
419,441,BBa,19.14,46.25,29.41,0,5,2,2,8,0.692962638,1.108740222
420,1579,BBa,68.25,53.06,50.2,0.2,7,3,2,6,0.887487124,0.760703249
421,1829,BBa,10.65,20.74,35.26,0.4,3,2,2,5,0.454902941,0.758171568
422,3087,BBa,23.42,55.06,32.53,0.05,7,3,2,7,0.934506296,0.934506296
423,3151,BBa,14.29,40.19,23.85,0.05,6,3,2,7,0.873947313,1.019605198
424,3238,BBa,23.21,40.6,35.81,0.05,6,3,2,7,0.823950002,0.961275002
425,3325,BBa,20.24,52.94,31.84,0,5,2,2,8,0.672958147,1.076733036
426,3515,BBa,23.15,31.04,32.72,0.2,2,3,2,6,0.288881116,0.866643347
427,3902,BBa,13.62,28.57,43.58,0,5,2,2,8,0.701561834,1.122498934
428,5283,BBa,12.94,36.05,31.8,0.05,5,2,2,7,0.709786363,0.993700908
429,5661,BBa,12.51,28.59,32.43,0.2,5,3,2,6,0.731835021,0.878202025
430,9713,BBa,29.3,47.39,32.5,0.2,3,2,2,6,0.408738763,0.817477525
431,9875,BBa,4.48,24.96,22.12,0,4,2,2,8,0.633537239,1.267074478
432,10308,BBa,6.35,27.91,19.01,0.05,5,2,2,7,0.796946077,1.115724507
433,11092,BBa,7.12,21.22,19.68,0.05,5,2,2,7,0.828562605,1.159987646
434,11972,BBa,9.12,27.15,29.81,0.4,4,2,2,5,0.597351854,0.746689817
435,12093,BBa,9.27,14.79,31.55,0.05,4,2,2,7,0.650880126,1.139040221
436,12122,BBa,15.63,36.07,34.18,0.2,4,2,2,6,0.562026497,0.843039745
437,13194,BBa,8.44,39.09,30.73,0,4,2,2,8,0.564086895,1.128173791
438,13969,BBa,19.87,44.1,34.34,0.6,3,2,2,4,0.409681,0.546241334
439,14558,BBa,12.94,40.93,28.49,0,5,2,2,8,0.708073238,1.13291718
440,14868,BBa,28.24,41.91,40.55,0,5,2,2,8,0.672218272,1.075549235
441,18229,BBa,46.71,54.85,47.89,0,6,3,2,8,0.762049053,1.016065404
442,18366,BBa,4.14,32.38,18.97,0.6,5,2,2,4,0.778767711,0.623014168
443,19923,BBa,20.59,34.59,35.3,0.6,4,2,2,4,0.56278994,0.56278994
444,21414,BBa,31.42,30.42,38.25,0,8,3,2,8,1.133265853,1.133265853
445,23095,BBa,8.31,33.96,22.95,0,6,3,2,8,0.901103677,1.201471569
446,23273,BBa,63.29,54.72,38.05,0.4,8,3,2,5,1.046965518,0.654353449
447,24200,BBa,16.75,48.62,31.58,0.05,7,3,2,7,0.954125772,0.954125772
448,24325,BBa,7.02,34.61,17.27,0.05,5,3,2,7,0.782091537,1.094928151
449,G0627A,BBa,3.55,20.87,21.38,0,4,2,2,8,0.65565509,1.311310179
450,G1227A,BBa,0.49,15.14,9.64,0,4,2,2,8,0.802687179,1.605374358
451,G1549A,BBa,5.92,28.84,20.33,0.2,4,2,2,6,0.627563111,0.941344666
452,J1634B,BBa,4.08,15.88,27.69,0.2,4,2,2,6,0.657231906,0.985847859
453,K1221A,BBa,1.89,20.97,19.6,0,4,2,2,8,0.664603912,1.329207824
454,K1324A,BBa,26.86,46.64,45.01,0.05,4,3,2,7,0.522920711,0.915111244
455,K1325A,BBa,17.51,38.36,31.78,0.6,2,1,2,4,0.28145814,0.562916279
456,K1630A,BBa,7.19,28.81,26.19,0,4,2,2,8,0.603673333,1.207346667
457,M0328A,BBa,4.79,30.99,19.26,0,4,2,2,8,0.625812091,1.251624182
458,N0916A,BBa,4.04,17.17,21.88,0,5,2,2,8,0.843349991,1.349359985
459,41,BFe,25.09,33.85,45.5,0,8,3,2,8,1.089970033,1.089970033
460,231,BFe,29.01,50.04,32.48,0.4,4,3,2,5,0.541019621,0.676274526
461,259,BFe,7.9,25.82,30.03,1,1,1,2,1,0.150300309,0.150300309
462,350,BFe,11.26,27.17,30.73,0.6,3,1,2,4,0.445940638,0.594587517
463,524,BFe,17.78,42.77,39.06,0,6,3,2,8,0.808523362,1.078031149
464,525,BFe,32.25,38.25,49.01,0.2,5,2,2,6,0.66346717,0.796160604
465,582,BFe,2.84,18.34,26.2,0,3,2,2,8,0.485842243,1.295579315
466,616,BFe,6.6,27.89,22.19,0.2,3,2,2,6,0.466714691,0.933429382
467,715,BFe,18.36,40.08,29.66,0.4,5,3,2,5,0.706147187,0.706147187
468,1154,BFe,2.33,23.25,17.34,0,4,2,2,8,0.666742108,1.333484216
469,1334,BFe,7.81,30.85,26.91,0.2,5,2,2,6,0.743866665,0.892639998
470,1394,BFe,22.23,47.91,32.17,0,7,4,2,8,0.953631885,1.089865011
471,2144,BFe,18.64,48.7,26.32,0,6,4,2,8,0.838456285,1.117941714
472,2174,BFe,15.12,31.2,33.68,0.6,3,2,2,4,0.431200378,0.574933838
473,2186,BFe,29.39,42.57,35.55,0.2,5,3,2,6,0.682865144,0.819438173
474,2595,BFe,60.22,54.81,53.97,0.4,6,3,2,5,0.750722477,0.625602064
475,3637,BFe,19.81,41.43,32.69,0.6,5,2,2,4,0.693377945,0.554702356
476,3736,BFe,7.17,22.7,24.23,0,5,2,2,8,0.792398495,1.267837592
477,3933,BFe,22.48,37.05,30.18,0,6,3,2,8,0.854768091,1.139690788
478,4148,BFe,20.08,38.39,27.95,0.05,6,3,2,7,0.859818833,1.003121972
479,4452,BFe,44.24,44.71,40.66,0.2,8,4,2,6,1.065893255,0.799419941
480,4835,BFe,46.64,58.3,32.52,0.2,6,3,2,6,0.79496971,0.79496971
481,4958,BFe,3.02,24.1,19.58,0,4,2,2,8,0.649696541,1.299393083
482,4985,BFe,8.22,37.86,27.99,1,1,1,2,1,0.143559715,0.143559715
483,5190,BFe,6.69,33.01,20.75,0.2,5,2,2,6,0.765772213,0.918926656
484,5418,BFe,41.64,39.27,47.06,0.2,6,3,2,6,0.797672471,0.797672471
485,5450,BFe,10.95,30.33,29.09,0.6,3,1,2,4,0.442312707,0.589750276
486,5656,BFe,12.69,34.51,20.28,0.2,5,3,2,6,0.763255731,0.915906878
487,5658,BFe,6.99,25.32,28.39,0,5,3,2,8,0.760152032,1.216243251
488,5854,BFe,77.38,66.73,44.54,0,8,4,2,8,1.000369851,1.000369851
489,5976,BFe,57.72,62.4,51.03,0.4,4,2,2,5,0.495910046,0.619887557
490,6233,BFe,17.09,43.41,25.19,0.6,4,2,2,4,0.571662388,0.571662388
491,6381,BFe,10.37,32.89,27.7,0.2,4,2,2,6,0.586974932,0.880462398
492,6570,BFe,8.85,28.43,23.49,0,5,3,2,8,0.768755356,1.23000857
493,6581,BFe,14.8,29.87,38.31,0.4,4,2,2,5,0.567974831,0.709968539
494,6657,BFe,5.1,33.33,22.24,0.6,4,1,2,4,0.605294783,0.605294783
495,6783,BFe,12.39,50.81,21.73,0,5,3,2,8,0.713593836,1.141750138
496,7035,BFe,3.41,18.6,19.19,1,1,1,2,1,0.170138893,0.170138893
497,7783,BFe,6.73,23.42,24.63,0,5,3,2,8,0.786465796,1.258345273
498,8423,BFe,5.65,23.49,20.21,0.2,3,2,2,6,0.486795483,0.973590967
500,9156,BFe,51.81,35.23,43.61,0,6,3,2,8,0.817752371,1.090336495
501,9384,BFe,4.59,20.3,31.96,0.95,2,1,2,2,0.308875252,0.308875252
502,9980,BFe,6.48,16.69,29.09,0.2,4,2,2,6,0.646704598,0.970056896
503,10488,BFe,8.77,27.91,18.13,0,5,3,2,8,0.803012508,1.284820013
504,11078,BFe,21.39,22.08,45.46,0.6,4,2,2,4,0.578745147,0.578745147
505,11144,BFe,14.61,35.83,29.35,0.05,5,1,2,7,0.718589235,1.006024928
506,11357,BFe,25.94,43.99,41.89,0.05,5,3,2,7,0.664981208,0.930973691
507,11626,BFe,16.26,37.55,37.76,0,4,2,2,8,0.551197746,1.102395493
508,11813,BFe,11.3,39.64,23.11,0,6,3,2,8,0.879751963,1.173002617
509,12132,BFe,20.33,33.04,30.2,0.2,4,2,2,6,0.579243319,0.868864979
510,12907,BFe,2.88,25.25,16.45,0.4,3,1,2,5,0.497582443,0.829304072
511,13344,BFe,11.62,33.72,34.44,0.95,3,1,2,2,0.425091158,0.283394105
512,13624,BFe,5.32,27.36,17.62,0.4,2,2,2,5,0.323723247,0.809308116
513,13691,BFe,17.84,32.96,40.64,0.95,3,2,2,2,0.416663917,0.277775945
514,13842,BFe,17.43,38.32,31.86,0.2,7,4,2,6,0.984899623,0.844199677
515,14170,BFe,72.68,37.4,69.17,0.2,5,3,2,6,0.636274955,0.763529947
516,15141,BFe,21.52,43.46,31.34,0.2,4,2,2,6,0.554267176,0.831400764
517,15494,BFe,7.84,33.06,24.2,0.2,3,1,2,6,0.448787596,0.897575193
518,16084,BFe,6.34,31.53,18.46,0,5,3,2,8,0.785355236,1.256568377
519,20281,BFe,6.92,35.24,21.44,0.4,4,2,2,5,0.603551283,0.754439104
520,21846,BFe,27.77,48.66,28.13,0.05,6,3,2,7,0.830830001,0.969301668
521,21959,BFe,13.63,41.5,33.41,0.4,5,3,2,5,0.691128116,0.691128116
522,22751,BFe,8.54,33.65,27.76,0.6,4,2,2,4,0.584828736,0.584828736
523,22811,BFe,8.59,33.01,28.86,0,5,3,2,8,0.728940852,1.166305362
524,23753,BFe,29.57,48.58,23.68,0.4,6,3,2,5,0.851324331,0.709436942
525,23886,BFe,18.82,40.22,36.85,0.2,5,2,2,6,0.684817058,0.821780469
526,1024BO,BFe,0.67,11.3,12.26,0,4,2,2,8,0.811170687,1.622341375
527,ARA--D,BFe,53.74,52.45,44.98,0.05,4,2,2,7,0.515060479,0.901355838
528,ARA--V,BFe,20.36,42.97,29.26,0,6,4,2,8,0.840721925,1.120962567
529,ARA06AE,BFe,17.84,39.53,26.41,0.05,5,3,2,7,0.719341389,1.007077945
530,ARA24BC,BFe,14.98,30.58,31.38,0.05,5,3,2,7,0.728171217,1.019439703
531,ARA44AA,BFe,20.62,40.31,31.32,0,4,2,2,8,0.560156898,1.120313797
532,ARA49AB,BFe,22.26,35.56,30.77,0.4,6,2,2,5,0.857417035,0.714514196
533,ARA60AE,BFe,31.83,43.48,33.19,0.4,3,2,2,5,0.412396661,0.687327768
534,ARA63AE,BFe,4.47,23.13,23.27,0.2,6,2,2,6,0.954153641,0.954153641
535,ARA65AE,BFe,18.47,45.6,30.67,0,6,3,2,8,0.82836399,1.10448532
536,ARA65AH,BFe,22.83,41.18,35.97,0.05,7,4,2,7,0.958820317,0.958820317
537,ARA69AF,BFe,7.65,35.23,25.82,0.2,5,2,2,6,0.733885987,0.880663185
538,ARD05DA,BFe,24.51,28.24,39.62,0.05,6,4,2,7,0.854691912,0.997140564
539,ARD21DB,BFe,53.45,41.49,46.82,0.4,3,2,2,5,0.39620892,0.6603482
540,ARD25DF,BFe,1.85,23.37,11.59,0,4,2,2,8,0.714082226,1.428164451
541,ARD27D,BFe,14.96,30.62,26.38,0,6,3,2,8,0.896290317,1.195053755
542,ARD27DE,BFe,3.53,24.95,15.55,0,4,2,2,8,0.671035729,1.342071458
543,ARD28DB,BFe,20.48,39.1,27.12,0.2,4,2,2,6,0.574185158,0.861277737
544,F0742A,BFe,1.8,13.22,18.24,0,4,2,2,8,0.729215381,1.458430762
545,I1546A,BFe,2.34,21.52,20.32,0.05,2,2,2,7,0.328915539,1.151204388
546,J1251B,BFe,1.38,18.02,13.64,0,2,1,2,8,0.363339819,1.453359274
547,J2215C,BFe,14.66,39.94,33.07,0.2,5,2,2,6,0.695796914,0.834956296
548,K1106C,BFe,4.15,37.76,13.06,0,4,3,2,8,0.64507759,1.29015518
549,M1532A,BFe,10.84,39.66,23.94,0.6,3,2,2,4,0.437579705,0.583439607
550,S1124A,BFe,21.25,48.49,25.59,0.2,6,2,2,6,0.842275581,0.842275581
551,25181,BFe,16.3,52.46,36.3,0,5,2,2,8,0.662087781,1.05934045
552,25216,BFe,50.2,54.9,52.53,0.75,2,1,2,3,0.251038742,0.376558114
553,25330,BFe,52,55.38,46.95,0.75,1,1,2,3,0.127173042,0.381519126
554,20,BQu,58.41,54.59,49.41,0.2,5,3,2,6,0.632911108,0.75949333
555,374,BQu,87.41,59.07,56.04,1,1,1,2,1,0.123383843,0.123383843
556,529,BQu,43.22,57.37,41.1,0.8,4,2,2,3,0.515096869,0.386322651
557,1476,BQu,5.76,24.37,26.73,0,4,3,2,8,0.617365942,1.234731885
558,2090,BQu,13.73,24.73,38.03,0.2,5,3,2,6,0.730311631,0.876373957
559,3123,BQu,22.07,42.39,30.72,0,5,2,2,8,0.697172481,1.11547597
560,3137,BQu,5.15,24.5,26.91,0.05,4,2,2,7,0.616221626,1.078387846
561,3195,BQu,1.28,13.49,17.43,0,5,2,2,8,0.915727179,1.465163486
562,3573,BQu,14.98,29.88,31.04,0,5,3,2,8,0.731800196,1.170880314
563,4839,BQu,7.45,27.06,29.41,0,6,3,2,8,0.898285437,1.197713916
564,4995,BQu,7.26,24.28,22.63,0.4,4,2,2,5,0.634021992,0.79252749
565,6151,BQu,20.09,47.18,23.84,0.4,4,3,2,5,0.569367873,0.711709842
566,6187,BQu,8.36,31.19,19.95,0,4,2,2,8,0.621762302,1.243524603
567,7956,BQu,4.12,23.27,18.3,0,4,2,2,8,0.660712978,1.321425956
568,9160,BQu,25.1,37.57,31.89,0.4,5,2,2,5,0.705368014,0.705368014
569,9442,BQu,11.14,41.28,24.9,0,3,2,2,8,0.43257298,1.153527948
570,9854,BQu,9.13,36.34,21.37,0.6,3,1,2,4,0.450795171,0.601060228
571,10052,BQu,15.78,22.77,29.98,0,5,3,2,8,0.766169114,1.225870582
572,10254,BQu,17.66,31.25,39.95,0.4,4,2,2,5,0.561037512,0.70129689
573,10496,BQu,8.58,25.9,30.05,0,5,3,2,8,0.751077161,1.201723458
574,11177,BQu,4.98,24.58,28.1,0,5,3,2,8,0.764794645,1.223671432
575,11419,BQu,8.85,26.28,23.53,0,7,4,2,8,1.089140825,1.244732371
576,12110,BQu,5.38,22.92,18.73,0,5,3,2,8,0.824791734,1.319666774
577,12929,BQu,13.85,42.92,25.95,0.4,5,3,2,5,0.712706608,0.712706608
578,13131,BQu,3.97,18.04,20.31,0,5,2,2,8,0.846925802,1.355081283
579,13201,BQu,14.28,31.24,30.09,0,5,2,2,8,0.73036499,1.168583984
580,14405,BQu,29.16,38.77,38.78,0.6,4,2,2,4,0.546780383,0.546780383
581,14981,BQu,9.45,35.28,26.8,0.4,5,2,2,5,0.729743973,0.729743973
582,15492,BQu,22.3,29.45,44.02,0,4,2,2,8,0.558087257,1.116174515
583,15869,BQu,3.12,20.35,22.9,0.2,3,2,2,6,0.48826394,0.976527879
584,18431,BQu,8.45,29.71,24.77,0.6,4,3,2,4,0.605958058,0.605958058
585,20167,BQu,39.68,54.32,34.76,0,5,3,2,8,0.662834618,1.060535389
586,21152,BQu,11.44,41.47,20.62,0.6,4,2,2,4,0.592484475,0.592484475
587,22747,BQu,19.45,26.47,42.85,0.2,5,3,2,6,0.71086163,0.853033956
588,24041,BQu,5.24,34.58,16.53,0,4,2,2,8,0.63007482,1.260149641
589,24409,BQu,29.51,41.79,43.5,0.05,5,2,2,7,0.666185413,0.932659578
590,ARA--H,BQu,23.04,35.91,39.23,0.2,3,2,2,6,0.413766989,0.827533979
591,ARA06AB,BQu,86.94,60.23,49.66,0.6,4,2,2,4,0.499789442,0.499789442
592,ARA30AF,BQu,10.79,36.56,20.79,0.2,5,2,2,6,0.753758218,0.904509862
593,ARA49AC,BQu,49.76,43.36,42.84,0.4,9,3,2,5,1.195693971,0.664274428
594,ARA49AJ,BQu,26.61,46.22,30.98,0.2,4,2,2,6,0.550452067,0.8256781
595,ARA57AA,BQu,12.66,36.46,31.1,0,5,2,2,8,0.710891351,1.137426162
596,ARA75AA,BQu,10.82,30.97,26.12,0.05,6,3,2,7,0.896094779,1.045443909
597,ARB24BA,BQu,39.2,52.15,45.41,0.2,5,3,2,6,0.643512526,0.772215031
598,ARB37BA,BQu,8.59,30.18,24.66,0.4,4,3,2,5,0.604927563,0.756159454
599,ARD04DB,BQu,35.11,46.59,30.01,0,6,3,2,8,0.828395568,1.104527424
600,ARD06DB,BQu,6.28,19.03,28.73,0,4,2,2,8,0.634521938,1.269043876
601,ARD19DB,BQu,10.91,42.23,20.83,0.2,5,3,2,6,0.737514783,0.885017739
602,ARD23DA,BQu,15.31,42.57,22.92,0,7,3,2,8,1.01697481,1.162256926
603,ARD28DC,BQu,43.5,59.71,42.11,0.8,3,2,2,3,0.383152295,0.383152295
604,D0613A,BQu,3.43,23.52,20.36,0.05,4,2,2,7,0.6481487,1.134260225
605,F0629B,BQu,4.26,23.52,20.26,0.2,4,2,2,6,0.64866622,0.97299933
606,F0650A,BQu,5.52,26.61,18.58,0,5,2,2,8,0.806013139,1.289621023
607,F1147A,BQu,3.85,20.84,23.18,0.05,4,2,2,7,0.647232009,1.132656017
608,K1030A,BQu,2.55,16.14,21.09,0.8,2,1,2,3,0.343047309,0.514570964
609,L1115A,BQu,7.71,31.04,23.17,0.05,4,3,2,7,0.608075082,1.064131393
610,M1326A,BQu,3.68,29.52,15.09,0.2,3,2,2,6,0.491875829,0.983751657
611,10,FNy,12.5,37.46,29.2,0.2,3,1,2,6,0.428728073,0.857456146
612,11,FNy,16.8,38.53,27.96,0.8,3,1,2,3,0.42966326,0.42966326
613,31,FNy,10.31,41.88,22.9,0.95,2,1,2,2,0.291292737,0.291292737
614,38,FNy,23.4,48.14,36.74,0.6,3,2,2,4,0.401177884,0.534903846
615,74,FNy,20.51,67.83,26.09,0,6,2,2,8,0.802293846,1.069725129
616,86,FNy,3.79,22.39,19.47,0.2,3,2,2,6,0.493624896,0.987249792
617,155,FNy,25.02,50.86,23.89,0.6,5,2,2,4,0.703973833,0.563179066
618,233,FNy,15.48,42.35,27.92,0.2,4,2,2,6,0.565346118,0.848019176
619,272,FNy,22.78,33.26,32.4,0.4,3,1,2,5,0.429644687,0.716074479
620,314,FNy,8.02,39.71,25.16,0.2,6,2,2,6,0.868701743,0.868701743
621,400,FNy,16.46,38.8,22.88,1,1,1,2,1,0.147303967,0.147303967
622,433,FNy,16.05,32.65,24.67,0.6,3,2,2,4,0.448334474,0.597779299
623,600,FNy,12.87,36.84,33.92,0,6,2,2,8,0.841445213,1.121926951
624,711,FNy,6.06,27.21,21.24,0.2,5,2,2,6,0.786228948,0.943474738
625,724,FNy,4.93,23.77,25.87,0.6,2,1,2,4,0.311453309,0.622906617
626,799,FNy,23.54,42.66,41.33,0.6,4,2,2,4,0.535127771,0.535127771
627,855,FNy,13.76,26.32,28.89,0.8,2,1,2,3,0.301485209,0.452227813
628,861,FNy,7.7,20.39,23.73,0,5,3,2,8,0.808827916,1.294124666
629,862,FNy,13.75,38.41,26.79,0.4,4,2,2,5,0.576672458,0.720840572
630,947,FNy,13.59,31.45,36.71,0.4,4,2,2,5,0.567259363,0.709074203
631,985,FNy,12.9,30.74,28.55,0,6,2,2,8,0.88531854,1.18042472
632,994,FNy,72.33,49.5,48.13,0.6,6,3,2,4,0.771617009,0.51441134
633,1003,FNy,3.76,23.9,25.83,0.6,2,1,2,4,0.311263939,0.622527877
634,1068,FNy,31.22,20.8,42.69,0.4,3,2,2,5,0.441896652,0.736494421
635,1115,FNy,4.66,29.27,12.73,0,5,2,2,8,0.84451977,1.351231632
636,1121,FNy,52.36,47.22,49.42,0.8,4,1,2,3,0.515784772,0.386838579
637,1256,FNy,18.38,37.17,30.67,0.2,5,3,2,6,0.710349671,0.852419605
638,1272,FNy,13.72,32.7,27.9,0.8,1,1,2,3,0.146713577,0.440140731
639,1292,FNy,2.49,18,26.8,0.05,3,1,2,7,0.485533242,1.132910898
640,1519,FNy,12.4,28.99,17.34,0.8,2,1,2,3,0.321545119,0.482317678
641,1802,FNy,9.03,20.75,22.51,0.6,2,1,2,4,0.32538812,0.65077624
642,1803,FNy,7.67,33.78,26.72,0.2,3,2,2,6,0.440834094,0.881668188
643,1895,FNy,11.94,25.37,22.94,0.8,3,2,2,3,0.471220263,0.471220263
644,1896,FNy,6.46,28.6,24.93,0.2,3,1,2,6,0.456657244,0.913314488
645,2007,FNy,7.25,36.04,15.68,0.2,4,2,2,6,0.631211969,0.946817954
646,2538,FNy,44.05,53.09,36.57,0.2,5,2,2,6,0.660395828,0.792474994
647,2895,FNy,7.57,21.96,24.99,1,1,1,2,1,0.158536433,0.158536433
648,2946,FNy,2.45,22.24,15.49,0,3,1,2,8,0.513515108,1.369373621
649,2971,FNy,185.58,84.46,59.28,0.8,3,1,2,3,0.35217261,0.35217261
650,3275,FNy,4.78,31.4,16.56,0.6,3,1,2,4,0.479708488,0.639611317
651,3277,FNy,28.63,29.14,37.17,0.2,5,1,2,6,0.715551854,0.858662225
652,3357,FNy,10.29,32.63,28.32,0.2,4,2,2,6,0.585754419,0.878631629
653,3381,FNy,4.15,25.67,18.23,0,5,3,2,8,0.813220813,1.3011533
654,3484,FNy,34.35,48.33,35.57,0.6,3,1,2,4,0.402708614,0.536944819
655,3580,FNy,27.03,23.19,36.86,0.8,2,2,2,3,0.296259073,0.444388609
656,3613,FNy,13.89,29.33,32.56,0.4,3,2,2,5,0.437209729,0.728682882
657,3669,FNy,13.01,25.43,28.63,0.8,2,1,2,3,0.303472421,0.455208632
658,3748,FNy,12.57,32.42,28.58,0.8,3,1,2,3,0.439143322,0.439143322
659,3819,FNy,47.02,66.5,35.34,0.6,6,1,2,4,0.772974999,0.515316666
660,3856,FNy,31.58,38.69,40.44,0,6,3,2,8,0.815727158,1.087636211
661,3864,FNy,2.69,18.71,16.53,0,3,1,2,8,0.523173531,1.395129416
662,3872,FNy,11.41,23.48,27.79,0.4,2,1,2,5,0.308602674,0.771506686
663,3878,FNy,20.62,44.01,35.48,1,1,1,2,1,0.135991772,0.135991772
664,4038,FNy,7.48,40.11,29.7,0,5,2,2,8,0.705938224,1.129501159
665,4585,FNy,9.76,39.35,19.47,0.8,2,2,2,3,0.30114265,0.451713975
666,4745,FNy,21.7,41.78,31.31,0.4,4,2,2,5,0.557386004,0.696732505
667,4873,FNy,4.09,29.51,21.91,0.05,2,1,2,7,0.309039131,1.08163696
668,4938,FNy,4.77,29.38,19.01,0,5,2,2,8,0.790478925,1.264766279
669,5044,FNy,9.73,30.73,24.39,0.05,6,2,2,7,0.906424841,1.057495647
670,5068,FNy,12.16,40.17,22.29,0.4,5,2,2,5,0.735590669,0.735590669
671,5097,FNy,14.77,39.47,26.04,0.05,4,2,2,7,0.576769897,1.009347319
672,5114,FNy,10.89,36.65,18.68,0.4,2,2,2,5,0.306331871,0.765829677
673,5175,FNy,36.61,49.52,44.32,0.2,6,2,2,6,0.779847425,0.779847425
674,5343,FNy,6.75,20.09,18.86,1,1,1,2,1,0.168427706,0.168427706
675,5448,FNy,7.62,33.93,22.27,0.4,2,1,2,5,0.301771092,0.75442773
676,5697,FNy,6.29,34.8,27.36,0.8,2,1,2,3,0.291600471,0.437400707
677,6126,FNy,33.27,39.14,32.14,0.95,2,1,2,2,0.280220117,0.280220117
678,6184,FNy,37.53,30.48,41.66,0.8,3,2,2,3,0.419779321,0.419779321
679,6188,FNy,14.66,28.38,38.69,0.05,2,1,2,7,0.285662628,0.999819198
680,6190,FNy,27.93,47.13,32.85,0.05,5,2,2,7,0.680748032,0.953047244
681,6235,FNy,15.05,32.9,25.93,0.2,3,2,2,6,0.444518646,0.889037291
682,6728,FNy,18.57,27.01,28.16,0.2,4,2,2,6,0.602944507,0.90441676
683,6840,FNy,11.27,39.04,29.28,0.2,3,1,2,6,0.426046104,0.852092208
684,6937,FNy,3.17,18.88,17.35,0,4,1,2,8,0.690644024,1.381288048
685,6940,FNy,3.37,19.61,15.11,0,3,1,2,8,0.527111412,1.405630431
686,7149,FNy,8.91,20.6,31.24,0.6,2,1,2,4,0.309262868,0.618525736
687,7174,FNy,1.58,18.78,18.47,0.6,2,1,2,4,0.341942285,0.68388457
688,7260,FNy,7.47,33.02,20.42,0.2,4,1,2,6,0.614097066,0.921145599
689,7350,FNy,39.87,43.68,39.17,0.8,2,1,2,3,0.268643832,0.402965748
690,7465,FNy,13.36,30.82,31.27,0.6,2,1,2,4,0.291085944,0.582171888
691,7575,FNy,13.12,22.63,27.52,0.8,2,2,2,3,0.310839463,0.466259194
692,7663,FNy,4.24,29.49,16.75,0.2,5,2,2,6,0.806133128,0.967359753
693,7765,FNy,1.85,21.74,14.65,0.2,2,1,2,6,0.347005692,1.041017076
694,7987,FNy,5.99,22.52,22.79,0.2,3,1,2,6,0.480713329,0.961426658
695,8183,FNy,15.36,36.53,30.89,0.8,2,1,2,3,0.284553051,0.426829577
696,8367,FNy,17.51,32.84,31.81,0.2,5,2,2,6,0.719276673,0.863132008
697,8878,FNy,11.27,32.99,25.56,1,1,1,2,1,0.148428885,0.148428885
698,8922,FNy,11.37,21.15,26.08,0.4,2,2,2,5,0.316816193,0.792040482
699,8937,FNy,12.98,44.78,24.77,0.95,2,1,2,2,0.285249945,0.285249945
700,9593,FNy,3.885,29.19,13.56,0.2,3,1,2,6,0.501592517,1.003185034
701,9987,FNy,29.55,46.97,35.43,0.6,4,2,2,4,0.539296659,0.539296659
702,10116,FNy,6.28,31.57,16.88,0.2,4,2,2,6,0.637111409,0.955667114
703,10401,FNy,9.89,25.33,23.81,0.05,4,2,2,7,0.624795465,1.093392064
704,11032,FNy,9.58,20.81,30.84,0.4,4,1,2,5,0.618788314,0.773485392
705,11213,FNy,3.72,18.48,19.86,0.05,3,1,2,7,0.5080099,1.185356433
706,11299,FNy,3.54,17.43,26.65,0.05,3,1,2,7,0.488521216,1.139882838
707,11312,FNy,5.3,33.26,23.85,0,2,1,2,8,0.299574319,1.198297275
708,11453,FNy,2.94,27.94,14.98,0.6,2,1,2,4,0.331302706,0.662605411
709,11826,FNy,10.45,36.39,22.27,0.4,3,2,2,5,0.447926025,0.746543374
710,11910,FNy,13.19,33.92,26.74,0.8,2,2,2,3,0.293678624,0.440517936
711,12062,FNy,11.22,23.68,31.82,0.05,4,2,2,7,0.603798572,1.056647502
712,12201,FNy,10.23,31.5,27.72,0.4,3,1,2,5,0.44299132,0.738318867
713,12232,FNy,24.1,44.86,37.67,0.6,3,1,2,4,0.403637552,0.538183403
714,12270,FNy,23.29,30.67,36.36,0.4,5,2,2,5,0.712580179,0.712580179
715,12319,FNy,13.43,31.73,33.4,0.6,2,1,2,4,0.287116295,0.57423259
716,12650,FNy,16.04,42.2,22.24,0.2,3,1,2,6,0.438320126,0.876640252
717,12993,FNy,10.04,26.66,27.85,0.2,4,2,2,6,0.605143971,0.907715956
718,13259,FNy,9.3,28.31,19.64,0.8,3,2,2,3,0.474624712,0.474624712
719,13717,FNy,8.71,30.32,25.25,0.8,2,2,2,3,0.301176075,0.451764113
720,13942,FNy,6.32,29.49,19.97,0.2,3,1,2,6,0.470346063,0.940692126
721,13946,FNy,50.51,32.74,40.98,0.8,3,2,2,3,0.416569368,0.416569368
722,14080,FNy,19.71,33.27,26.92,1,1,1,2,1,0.147112355,0.147112355
723,14121,FNy,14.841,44.38,27.32,0.8,2,1,2,3,0.281673956,0.422510935
724,14188,FNy,3.85,30.27,18.08,0,3,1,2,8,0.475815603,1.268841608
725,14265,FNy,2.5,23.26,14.79,0.95,1,1,2,2,0.171212753,0.342425505
726,14640,FNy,8.8,33.48,19.79,0,4,3,2,8,0.615751698,1.231503395
727,14668,FNy,25.33,31.22,29.98,0.4,4,2,2,5,0.584659465,0.730824331
728,14704,FNy,10.88,31.7,24.94,0.6,2,2,2,4,0.29972472,0.59944944
729,14710,FNy,9.37,21.88,26.41,0.6,2,1,2,4,0.314499247,0.628998494
730,14804,FNy,4.47,30.45,12.25,1,1,1,2,1,0.168872937,0.168872937
731,14848,FNy,12.85,28.97,25.08,1,1,1,2,1,0.151783497,0.151783497
732,14874,FNy,9.41,28.3,26.14,0,5,2,2,8,0.75685004,1.210960064
733,15280,FNy,5.48,30.82,12.67,0.4,3,2,2,5,0.502731438,0.837885731
734,15455,FNy,13.6,35.2,24.9,0.2,4,1,2,6,0.590326274,0.885489412
735,16077,FNy,4.12,33.89,15.32,1,1,1,2,1,0.159941675,0.159941675
736,16212,FNy,18.34,36.96,34.06,0,3,2,2,8,0.420288154,1.120768411
737,16346,FNy,20.64,36.82,33.98,0.6,3,2,2,4,0.420650384,0.560867179
738,16494,FNy,8.16,38.38,23.08,0.6,3,2,2,4,0.442053887,0.589405183
739,17174,FNy,5.02,39.17,39.74,0.2,5,2,2,6,0.680247177,0.816296613
740,18247,FNy,68.66,47.65,45.26,0.8,3,2,2,3,0.390812963,0.390812963
741,18900,FNy,35.12,37.2,36.57,0.6,3,2,2,4,0.415769471,0.554359295
742,19174,FNy,38.56,38.8,40.22,0.05,4,2,2,7,0.544011582,0.952020269
743,19933,FNy,4.44,32.17,19.3,0.4,4,2,2,5,0.621973764,0.777467205
744,20051,FNy,3.17,16.35,23.39,0,2,2,2,8,0.336330233,1.345320933
745,20604,FNy,26.88,32.62,24.77,0.8,2,2,2,3,0.298750082,0.448125122
746,20809,FNy,14.32,33.64,31.72,0.2,4,1,2,6,0.573668893,0.86050334
747,20993,FNy,7.97,36.26,23.49,0.95,2,1,2,2,0.296415301,0.296415301
748,21200,FNy,6.81,32.48,17.25,0,4,2,2,8,0.632067636,1.264135272
749,23191,FNy,31.91,42.06,30.05,0.6,2,2,2,4,0.280035179,0.560070358
750,23762,FNy,62.12,35.98,37.53,1,1,1,2,1,0.138732741,0.138732741
751,24371,FNy,11.03,29.22,23.63,0,3,2,2,8,0.458900104,1.22373361
752,ARA45AE,FNy,6.53,23.97,22.46,0.2,4,2,2,6,0.636077792,0.954116688
753,ARA48AM,FNy,10.14,34.42,33.05,0,5,3,2,8,0.710564452,1.136903123
754,ARA55A6,FNy,13.29,23.07,27.16,0.4,5,2,2,5,0.776363956,0.776363956
755,ARA63AT,FNy,5.01,29.11,21.96,0.2,2,1,2,6,0.309582937,0.92874881
756,ARA65AK,FNy,16.87,32.32,31.3,0.2,3,1,2,6,0.433569598,0.867139197
757,ARA80AA,FNy,30.01,48.96,37.8,0.6,5,3,2,4,0.664600844,0.531680675
758,ARA86AC,FNy,5.28,23.18,21.59,0.4,3,1,2,5,0.482662747,0.804437912
759,ARD07DB,FNy,34.24,26.34,39.95,0,5,3,2,8,0.718523218,1.14963715
760,ARD07DD,FNy,10.6,34.33,32.01,0,4,2,2,8,0.571259808,1.142519616
761,ARD26DD,FNy,9.48,37.86,22.4,0.6,2,1,2,4,0.296605816,0.593211633
762,E0528A,FNy,8.94,27.83,26.31,0.6,2,1,2,4,0.303211142,0.606422285
763,F0526A,FNy,10.02,38.39,29.13,0.4,4,1,2,5,0.569835833,0.712294791
764,F1108A,FNy,2.26,17.8,20.53,0.6,2,1,2,4,0.338920684,0.677841369
765,G0850A,FNy,5.14,34.76,13.57,0.4,2,1,2,5,0.324868939,0.812172349
766,G1133A,FNy,3.48,26.08,16.08,0,4,1,2,8,0.662389288,1.324778576
767,G1148A,FNy,3.65,25.3,15.02,0.2,3,2,2,6,0.505034602,1.010069204
768,H1018A,FNy,1.62,16.82,15.22,0.2,3,1,2,6,0.541010488,1.082020976
769,H1033A,FNy,3.78,26.4,15.32,0.4,2,1,2,5,0.333193216,0.83298304
770,H1037A,FNy,5.55,21.82,19.94,0.4,4,1,2,5,0.658376094,0.822970117
771,H1338A,FNy,0.84,16.37,10.8,0.4,2,1,2,5,0.386473689,0.966184224
772,I0741A,FNy,3.37,18.8,20.25,0.4,2,1,2,5,0.336586347,0.841465868
773,I1225A,FNy,5.19,22.37,21.94,1,1,1,2,1,0.161393608,0.161393608
774,I1246A,FNy,3.19,21.12,14.45,0.4,3,2,2,5,0.524391652,0.873986086
775,I1346A,FNy,0.98,13.75,17.03,0.4,2,1,2,5,0.366567886,0.916419714
776,I1351A,FNy,15.3,30.21,35.27,0.2,3,1,2,6,0.430341624,0.860683248
777,I1546B,FNy,3.74,22.45,25.04,0.4,2,1,2,5,0.315867684,0.789669211
778,I1649C,FNy,4.6,31.99,20.38,0.05,4,2,2,7,0.617286105,1.080250684
779,J1030B,FNy,0.72,14.35,9.69,0,3,2,2,8,0.607921907,1.621125086
780,J1046A,FNy,2.34,21.54,16.25,0.4,2,1,2,5,0.341413185,0.853532962
781,J1237A,FNy,0.5,9.82,16.79,0,2,1,2,8,0.391757071,1.567028285
782,J1239A,FNy,1.35,12.62,15.88,0,3,1,2,8,0.566001073,1.509336193
783,J1328A,FNy,3.81,26.46,13.16,0,3,1,2,8,0.512573769,1.366863384
784,J1441A,FNy,1.96,25.09,14.81,0,4,1,2,8,0.675930064,1.351860128
785,K0631A,FNy,4.49,32.5,17.65,0.05,3,1,2,7,0.472293985,1.102019299
786,K0735A,FNy,20.19,37.96,29.76,0.6,3,2,2,4,0.426760854,0.569014472
787,K1332A,FNy,1.68,26.88,11.43,0,4,2,2,8,0.698369866,1.396739732
788,K1432A,FNy,3.51,22.11,20.93,0,5,2,2,8,0.814701977,1.303523164
789,K1625A,FNy,7.42,20.3,23.57,0.2,4,1,2,6,0.648235642,0.972353462
790,L0715A,FNy,2.32,16.84,17.08,0,4,2,2,8,0.706505924,1.413011847
791,L0715B,FNy,1.35,17.8,15.48,0.4,2,1,2,5,0.355951226,0.889878065
792,L0818A,FNy,4.8,28.98,16.59,0.2,4,2,2,6,0.647730687,0.971596031
793,L0831B,FNy,0.35,8.18,10.96,0,3,1,2,8,0.667268034,1.779381423
794,L1022B,FNy,4.32,22.52,17.83,0.8,3,2,2,3,0.500393123,0.500393123
795,L1319C,FNy,2.91,19.19,16.31,1,1,1,2,1,0.174029031,0.174029031
796,L1420B,FNy,1.61,11.84,19.99,0,3,1,2,8,0.548775558,1.463401487
797,L1526A,FNy,1.94,24.15,11.21,0.05,3,1,2,7,0.535609974,1.249756606
798,L1528A,FNy,2.1,22.4,14.36,0.8,2,1,2,3,0.346409872,0.519614808
799,M0327A,FNy,2.01,21.11,16.75,0,4,1,2,8,0.681646401,1.363292801
800,M0622A,FNy,8.61,30.97,21.83,0.2,5,2,2,6,0.76730611,0.920767332
801,M1538A,FNy,74.18,42.94,58.55,0.8,4,2,2,3,0.510876243,0.383157183
802,N1120A,FNy,2.44,23.22,14.24,0,3,1,2,8,0.517146074,1.379056199
803,P1017B,FNy,0.98,17.03,7.96,0.4,2,1,2,5,0.407381302,1.018453254
804,R1229A,FNy,2.3,24.62,17.22,0.05,3,1,2,7,0.495898045,1.157095439
806,1,HLi,111.39,55.17,67.99,0.2,6,2,2,6,0.729059589,0.729059589
807,93,HLi,39.62,51.22,35.27,0.95,2,1,2,2,0.266696436,0.266696436
808,126,HLi,52.75,39.9,57.67,0.4,3,2,2,5,0.38754115,0.645901916
809,257,HLi,26.24,42.63,40.27,0.4,3,2,2,5,0.402783773,0.671306288
810,265,HLi,13.79,34.02,26.9,0.4,2,2,2,5,0.293294917,0.733237293
811,280,HLi,139.13,73.99,52.39,0.2,2,1,2,6,0.242053221,0.726159662
812,605,HLi,43.18,52.82,35.64,0.2,3,2,2,6,0.397859067,0.795718134
813,934,HLi,80.44,59.87,52.98,0,5,2,2,8,0.620186575,0.99229852
814,972,HLi,11.65,33.19,21.39,0.2,3,2,2,6,0.456956791,0.913913583
815,982,HLi,23.18,36.45,40.26,0.4,5,1,2,5,0.68574878,0.68574878
816,1081,HLi,30.21,65.9,28.84,0.4,3,1,2,5,0.397356164,0.662260273
817,2259,HLi,29.54,37.8,57.14,0.05,5,2,2,7,0.651227071,0.9117179
818,2756,HLi,65.2,44.3,52.32,0.8,3,1,2,3,0.387178537,0.387178537
819,2983,HLi,70.32,56.94,50.23,0,4,2,2,8,0.502600294,1.005200589
820,3300,HLi,5.29,18.53,21.45,0,3,1,2,8,0.501243444,1.336649184
821,3336,HLi,55.2,58.44,44.29,0,6,2,2,8,0.763479274,1.017972365
822,3368,HLi,120.11,68.92,49.29,0.6,3,1,2,4,0.36897339,0.49196452
823,5690,HLi,58.49,58.36,35.08,0,5,2,2,8,0.655801187,1.0492819
824,6298,HLi,34.11,44.11,40.19,0,4,2,2,8,0.534737574,1.069475148
825,8675,HLi,13.68,37.62,18.46,0.4,4,1,2,5,0.611327091,0.764158864
826,9950,HLi,2.6,16.32,21.47,0,3,2,2,8,0.512028579,1.365409543
827,10498,HLi,316.12,80.5,78.72,0.8,5,2,2,3,0.57115739,0.342694434
828,10598,HLi,13.35,29.99,29.52,0.4,3,1,2,5,0.44209108,0.736818466
829,10667,HLi,6.29,23.02,25.52,0.4,2,2,2,5,0.313684853,0.784212133
830,10765,HLi,23.54,31.47,46.51,0,3,2,2,8,0.411595916,1.09758911
831,11567,HLi,46.88,57.51,40.89,0.4,4,2,2,5,0.515275047,0.644093808
832,11690,HLi,7.82,26.09,27.98,0.4,2,1,2,5,0.303350104,0.758375261
833,11709,HLi,38.33,67.79,38.85,0.4,4,1,2,5,0.5078641,0.634830125
834,11985,HLi,54.86,39.82,78.21,0.2,3,1,2,6,0.372959593,0.745919187
835,13223,HLi,47.62,40.57,54.79,0,4,2,2,8,0.519039904,1.038079807
836,13383,HLi,36.44,30.34,37.93,0.2,5,2,2,6,0.709400043,0.851280051
837,14298,HLi,7.82,41.82,18.13,0,5,1,2,8,0.754040596,1.206464954
838,14930,HLi,93.25,47.46,67.74,0.4,3,2,2,5,0.371491076,0.619151794
839,15658,HLi,17.03,41.74,24.59,0.05,4,1,2,7,0.576884268,1.00954747
841,15751,HLi,10.78,29.79,20.85,0.2,3,1,2,6,0.466452233,0.932904467
842,16715,HLi,53.47,46.57,54.52,1,1,1,2,1,0.127558762,0.127558762
843,16722,HLi,85.45,58.41,55.66,0.6,3,2,2,4,0.370977268,0.494636357
844,17434,HLi,30.68,45.35,36.93,0.4,4,1,2,5,0.538834154,0.673542693
845,18541,HLi,44.52,45.83,40.91,0.6,3,1,2,4,0.398072616,0.530763488
846,18739,HLi,11.73,31.6,23.45,0.6,3,1,2,4,0.45399326,0.605324347
847,20160,HLi,50.19,52.93,43.24,0.4,3,1,2,5,0.387810532,0.646350886
848,20450,HLi,102.14,65.57,52.46,0.2,3,1,2,6,0.368406932,0.736813864
849,21966,HLi,12.89,33.49,23.63,0.8,2,1,2,3,0.299680961,0.449521441
850,22121,HLi,24.47,39.98,37.01,1,1,1,2,1,0.136994418,0.136994418
851,22157,HLi,5.82,25.48,18.47,0.2,4,2,2,6,0.649979354,0.974969031
852,24272,HLi,10.87,22.93,27.59,1,1,1,2,1,0.155041176,0.155041176
853,24288,HLi,77.87,37.54,58.01,0.05,4,1,2,7,0.52042523,0.910744153
854,24498,HLi,30.16,45.42,30.56,0.4,4,1,2,5,0.552818757,0.691023446
855,ARD01DF,HLi,28.81,58.88,31.74,0.4,4,2,2,5,0.530991365,0.663739206
856,ARD09DA,HLi,75.23,45.57,54.86,0.4,3,1,2,5,0.383433912,0.63905652
857,ARD26DB,HLi,211.62,91.89,89.54,0.4,4,2,2,5,0.443691271,0.554614088
858,F1205B,HLi,1.52,15.41,18.21,1,1,1,2,1,0.177399718,0.177399718
859,J0917A,HLi,10.39,28.03,28.19,0.2,2,2,2,6,0.29974929,0.899247869
860,J2109A,HLi,18.49,42.18,28.78,0.4,3,1,2,5,0.422438415,0.704064025
861,L0820A,HLi,43.32,63.64,39.41,0.05,4,1,2,7,0.511034396,0.894310192
862,L11SFA,HLi,4.34,20.24,29.62,0,3,2,2,8,0.469035037,1.2507601
863,73,NyR,14.38,38.55,31.83,0.05,5,3,2,7,0.703001007,0.98420141
864,329,NyR,4.099,25.14,20.65,0,6,3,2,8,0.959665956,1.279554608
865,510,NyR,7.2,27.86,26.26,0.2,4,2,2,6,0.606498127,0.90974719
866,1025,NyR,9.14,35.83,26.65,0.2,5,3,2,6,0.728695705,0.874434846
867,1496,NyR,28.48,39.4,31.92,0.6,4,3,2,4,0.560459688,0.560459688
868,1687,NyR,5.32,34.7,17.31,0.4,4,2,2,5,0.625193023,0.781491279
869,3628,NyR,20.79,39.36,35.94,0,5,4,2,8,0.689217785,1.102748456
870,4296,NyR,10.66,25.72,29.99,0,5,3,2,8,0.752090862,1.20334538
871,4786,NyR,9.41,21.29,37.6,0.6,4,2,2,4,0.598332907,0.598332907
872,4789,NyR,3.32,30.58,12.72,0,4,2,2,8,0.670744597,1.341489194
873,4809,NyR,16.88,35.27,32.79,0.2,4,2,2,6,0.567121982,0.850682973
874,5173,NyR,10.94,43.5,21.69,0.2,5,3,2,6,0.729968326,0.875961992
875,5220,NyR,10.84,26.88,31.19,0,5,3,2,8,0.7427787,1.188445921
876,5806,NyR,14.79,36.55,44.29,0.2,2,2,2,6,0.270656501,0.811969502
877,5939,NyR,4.36,22.91,19.78,0.05,4,3,2,7,0.653996057,1.1444931
878,6386,NyR,7.12,35.22,18.488,0.2,5,2,2,6,0.771755481,0.926106577
879,6448,NyR,13.74,38.09,25.15,0.2,5,2,2,6,0.728352312,0.874022774
880,6554,NyR,5.97,26.59,23.4,0.8,3,2,2,3,0.466325745,0.466325745
881,7681,NyR,6.75,30.84,20.29,0.2,4,3,2,6,0.621220195,0.931830293
882,7763,NyR,15.54,54.69,22.88,0.4,4,2,2,5,0.560856896,0.70107112
883,7802,NyR,2.64,23.05,18.6,0,4,2,2,8,0.659975902,1.319951805
884,10500,NyR,5.52,34.73,18.72,0.05,6,3,2,7,0.926326714,1.0807145
885,10685,NyR,26.56,37.72,38.33,0.2,5,2,2,6,0.687150784,0.824580941
886,10761,NyR,8.21,24.77,23.89,0.2,7,4,2,6,1.096646998,0.939983141
887,11019,NyR,7.19,26.88,27.84,0.2,5,3,2,6,0.755531661,0.906637993
888,11031,NyR,26.6,46.14,31.42,0.4,5,3,2,5,0.686895757,0.686895757
889,11444,NyR,9.08,27.97,24.69,0,6,3,2,8,0.917777701,1.223703602
890,11974,NyR,18.55,30.52,34.57,0.6,5,2,2,4,0.718249584,0.574599667
891,12334,NyR,9.17,22.99,32.08,0,5,4,2,8,0.757198062,1.2115169
892,13112,NyR,23.15,35.95,36.02,0.2,5,3,2,6,0.697719518,0.837263422
893,13493,NyR,13.82,33.25,20.65,0.2,5,3,2,6,0.765489283,0.91858714
894,14617,NyR,11.86,37.02,21.34,0,6,2,2,8,0.899274975,1.1990333
895,15338,NyR,4.72,30.66,21.1,0,4,2,2,8,0.618024826,1.236049651
896,17040,NyR,3.61,30.72,14.43,0.2,4,1,2,6,0.656359279,0.984538919
897,18917,NyR,4.14,26.34,20.89,0.05,5,2,2,7,0.792347913,1.109287078
898,21829,NyR,11.25,33.18,22.71,0.2,4,2,2,6,0.603796129,0.905694193
899,22130,NyR,4.38,22.19,20.01,0.8,2,2,2,3,0.328090777,0.492136166
900,24259,NyR,14.96,28.16,32.13,0.4,5,3,2,5,0.734463234,0.734463234
901,24521,NyR,8.34,35.74,26.96,0.2,5,3,2,6,0.727735854,0.873283024
902,24526,NyR,5.97,26.88,26.73,0,6,3,2,8,0.912246585,1.21632878
903,152616,NyR,5.68,16.57,22.72,0,5,3,2,8,0.843050982,1.348881571
904,ARA--N,NyR,5.701,34.79,16.32,0,7,3,2,8,1.103801259,1.261487154
905,ARA17AB,NyR,4.16,26.61,15.95,0,6,3,2,8,0.99161328,1.322151039
906,ARA25AA,NyR,41.73,61.7,42.55,0.05,6,3,2,7,0.762101816,0.889118786
907,ARA50AI,NyR,4.84,23.52,17.49,0,4,2,2,8,0.664509181,1.329018362
908,ARA65AC,NyR,31.97,39.77,35.32,0.2,5,4,2,6,0.689887142,0.827864571
909,F1013A,NyR,12.63,38.43,25.46,0.2,6,3,2,6,0.871339847,0.871339847
910,F1516A,NyR,26.33,45.88,26.43,0.05,6,3,2,7,0.845007461,0.985842038
911,F1548A,NyR,0.73,14.41,9.47,0,3,2,2,8,0.610245867,1.627322313
912,H0640A,NyR,1.72,13.7,17.81,0,3,2,2,8,0.545736748,1.455297994
913,H1039A,NyR,4.15,22.01,19.84,0.2,4,2,2,6,0.657981638,0.986972457
914,J1724A,NyR,8.25,34.23,19.14,0.05,6,3,2,7,0.925228743,1.079433534
915,K1018A,NyR,2.49,18.59,16.63,0,5,2,2,8,0.872017164,1.395227462
916,L1222A,NyR,5.33,26.79,23.59,0.4,4,2,2,5,0.620265477,0.775331846
917,M0628A,NyR,10.68,37.28,30.1,0,6,3,2,8,0.854337924,1.139117232
918,M1327B,NyR,16.88,19.9,34.89,0.4,7,2,2,5,1.06985872,0.7641848
919,O0516A,NyR,3.49,25.64,19.59,0.05,5,2,2,7,0.803965432,1.125551605
920,Q1230G,NyR,2.81,26.59,13.22,0.6,2,2,2,4,0.341165001,0.682330002
921,S1229A,NyR,25.65,42.94,41.12,0.8,3,2,2,3,0.401268092,0.401268092
922,1129,OGr,22.56,37.06,36.18,0.4,3,2,2,5,0.416606218,0.694343697
923,1324,OGr,11.01,34.09,30.4,0.4,3,2,2,5,0.432062077,0.720103462
924,1417,OGr,23.51,38.71,36.92,0.4,3,2,2,5,0.412947195,0.688245326
925,2325,OGr,30.02,48.3,24.67,0.6,5,2,2,4,0.70591363,0.564730904
926,2535,OGr,13.36,38.55,25.84,0.05,4,2,2,7,0.579384365,1.013922638
927,2826,OGr,5.48,25.98,28.75,0,4,2,2,8,0.60459814,1.20919628
928,3070,OGr,40.97,57.93,42.16,0.4,4,2,2,5,0.512774015,0.640967519
929,3203,OGr,18.52,26.86,37.57,0,6,3,2,8,0.867447633,1.156596844
930,4953,OGr,86.7,68.43,46.4,0.05,4,3,2,7,0.496086449,0.868151286
931,5446,OGr,39.8,58.64,51.02,0.4,3,1,2,5,0.374829698,0.624716163
932,5782,OGr,20.74,34.6,33.53,0.05,4,2,2,7,0.566869785,0.992022124
933,5866,OGr,26.45,38.89,37.77,0,5,2,2,8,0.685659218,1.097054749
934,9745,OGr,65.48,63.71,53.78,0.4,7,3,2,5,0.860030821,0.614307729
935,11507,OGr,21.86,44.96,31.09,0,5,2,2,8,0.690354151,1.104566641
936,11645,OGr,12.25,35.08,28.47,0,5,2,2,8,0.723957574,1.158332118
937,11960,OGr,71.15,74.92,33.14,0,6,2,2,8,0.767541991,1.023389321
938,15087,OGr,7.21,27.1,31.12,0.05,3,2,2,7,0.445276655,1.038978861
939,17285,OGr,66.85,42.56,65.69,0.2,4,2,2,6,0.504041051,0.756061577
940,19176,OGr,61.21,47.07,54.94,0,5,3,2,8,0.636304139,1.018086622
941,20601,OGr,20.04,31.25,33.36,0,6,2,2,8,0.863386753,1.151182337
942,21969,OGr,4.67,33.85,19.87,0,4,2,2,8,0.614330797,1.228661593
943,23043,OGr,59.35,63.07,42.9,0,5,2,2,8,0.632661768,1.012258828
944,23448,OGr,18.62,36.41,37.2,0,4,3,2,8,0.554696375,1.109392751
945,23774,OGr,14.37,42.7,19.31,0.2,4,2,2,6,0.5956971,0.893545649
946,ARA60AB,OGr,28.38,49.81,34.61,0,6,2,2,8,0.805114255,1.073485673
947,ARA60AJ,OGr,15.59,31.07,29.58,0,5,2,2,8,0.732778835,1.172446136
948,ARA62AB,OGr,8.59,35.65,21.73,0.4,3,1,2,5,0.450962154,0.75160359
949,ARA69AL,OGr,32.01,50.84,31.66,0.4,4,2,2,5,0.541731068,0.677163835
950,ARA69AT,OGr,21.29,46.18,19.91,0,5,3,2,8,0.732732901,1.172372642
951,ARB37BC,OGr,20.87,37.74,35.84,0,4,2,2,8,0.554801555,1.10960311
952,K1217B,OGr,6.13,17.2,23.88,0.6,2,1,2,4,0.332339048,0.664678097
953,K1227A,OGr,2.71,23.13,20.87,0,2,2,2,8,0.323653756,1.294615023
954,N1115A,OGr,9.1,35.81,23.21,0.2,4,2,2,6,0.594989262,0.892483893
955,T0818B,OGr,8.64,36.05,27.95,0.05,4,2,2,7,0.578425532,1.012244681
956,265,BBa,17.78,42.34,27.21,0.2,4,2,3,6,0.567430874,0.85114631
957,544,BBa,6.78,32.11,26.56,0,4,3,3,8,0.592717824,1.185435649
958,1345,BBa,3.34,26.25,22.72,0,5,2,3,8,0.782361004,1.251777606
959,3279,BBa,23.42,41.66,34.99,0,6,3,3,8,0.823654959,1.098206613
960,3375,BBa,39.74,50.8,41.3,1,1,1,3,1,0.130740166,0.130740166
961,6305,BBa,27.63,35.1,36.76,0,5,2,3,8,0.698069419,1.116911071
962,6945,BBa,9.31,25.06,28.63,0,5,2,3,8,0.760372076,1.216595321
963,9421,BBa,20.86,41.74,31.16,0,5,2,3,8,0.697292193,1.115667509
964,11287,BBa,12.68,31.19,29.27,0.2,5,2,3,6,0.733496982,0.880196378
965,11627,BBa,8.31,25.92,26.69,0,5,2,3,8,0.764607384,1.223371815
966,23984,BBa,14.06,30.78,29.88,0,6,2,3,8,0.879242686,1.172323582
967,K1428A,BBa,3.71,18.87,27.05,0,2,2,3,8,0.320756453,1.283025813
968,594,BFe,33.1,40.28,32.92,0.2,9,4,3,6,1.251749765,0.834499843
969,2301,BFe,9.64,25.5,26.99,0.8,4,2,3,3,0.612168857,0.459126643
970,2317,BFe,22.01,45.96,34.95,0.2,5,3,3,6,0.677351671,0.812822005
971,5046,BFe,12.74,34.81,29.27,0.2,3,2,3,6,0.433121193,0.866242387
972,5777,BFe,7.25,22.11,29.27,0.4,5,2,3,5,0.772487923,0.772487923
973,6205,BFe,23.14,33.56,36.86,0.4,3,2,3,5,0.421320986,0.702201643
974,7092,BFe,11.99,36.66,30.91,0,5,3,3,8,0.710957822,1.137532516
975,7270,BFe,6.38,27.21,21.63,1,1,1,3,1,0.156797178,0.156797178
976,8897,BFe,6.91,34.98,20.79,0.05,4,2,3,7,0.607049492,1.062336612
977,11850,BFe,32.09,45.76,34.73,0.05,5,2,3,7,0.678332704,0.949665785
978,13020,BFe,10.24,32.68,33.44,0.6,3,1,3,4,0.428784837,0.571713116
979,13529,BFe,14.35,46.94,24.8,0.2,4,2,3,6,0.566595203,0.849892805
980,14152,BFe,2.25,19.23,14.62,0,5,2,3,8,0.886703733,1.418725973
981,15812,BFe,24.74,45.26,32.18,0.05,8,3,3,7,1.098332503,0.96104094
982,16572,BFe,5.34,24.17,34.08,0.95,2,1,3,2,0.297892874,0.297892874
983,17083,BFe,17.31,45.2,30.96,0.4,5,3,3,5,0.690246105,0.690246105
984,18277,BFe,9.06,20.37,35.92,0,4,2,3,8,0.606487217,1.212974434
985,19234,BFe,4.86,27.91,19.38,0.8,2,2,3,3,0.317801997,0.476702996
986,20569,BFe,12.42,37.16,43.22,0.2,5,2,3,6,0.677365771,0.812838925
987,22748,BFe,38.46,43.65,41.17,0.4,7,4,3,5,0.934091427,0.667208162
989,ARA48AC,BFe,55.43,42.01,46.21,0.2,5,3,3,6,0.660405677,0.792486812
990,ARA53AB,BFe,24.91,34.71,38.82,0,6,3,3,8,0.832643695,1.110191594
991,ARA53AC,BFe,10.91,30.75,26.16,0,6,2,3,8,0.896844696,1.195792928
992,ARA57AL,BFe,9.14,25.17,23.84,0,5,3,3,8,0.781614226,1.250582762
993,ARA63AC,BFe,8.2,33.97,21.99,0,7,3,3,8,1.058030624,1.209177856
994,ARA63AS,BFe,7.09,23.33,27.66,0.4,4,2,3,5,0.61826407,0.772830087
995,ARA65AF,BFe,56.2,59.62,35.96,0.4,6,3,3,5,0.782227958,0.651856632
996,ARB24BB,BFe,14.12,39.79,22.81,0.4,4,2,3,5,0.587301255,0.734126569
997,ARD11DA,BFe,10.34,35.7,25.8,0.4,6,3,3,5,0.879053236,0.732544364
998,ARD12DB,BFe,17.3,46.03,24.78,0.2,4,3,3,6,0.568235879,0.852353818
999,F0845A,BFe,5.53,30.14,21.62,0.2,3,2,3,6,0.463000689,0.926001377
1000,H1341A,BFe,4.35,22.03,17.41,0,5,2,3,8,0.840413832,1.344662131
1001,J2216A,BFe,12.21,24.32,37.87,0.05,4,2,3,7,0.586041233,1.025572158
1002,K0523B,BFe,12.13,27.36,29.06,0,5,3,3,8,0.748677302,1.197883684
1003,N0723A,BFe,5.83,30.6,17.44,0.2,3,1,3,6,0.477724774,0.955449549
1004,O1015B,BFe,6.82,31.94,31.85,0.4,4,2,3,5,0.57762596,0.722032449
1005,699,BQu,9.77,34.71,28.51,0.2,4,2,3,6,0.579938529,0.869907793
1006,1913,BQu,5.49,25.52,23.93,0.2,3,2,3,6,0.467683436,0.935366872
1007,3703,BQu,17.65,40.8,23.08,0.6,4,2,3,4,0.584142131,0.584142131
1008,3922,BQu,15.18,41.89,26.37,1,1,1,3,1,0.142708845,0.142708845
1009,5062,BQu,8.62,24.73,21.56,0,4,2,3,8,0.637058641,1.274117283
1010,6145,BQu,39.74,45.94,39.66,0,5,2,3,8,0.665984759,1.065575614
1011,10696,BQu,13.16,38.64,26.06,0.8,3,2,3,3,0.433858956,0.433858956
1012,11313,BQu,7.06,30.63,20.71,0.2,5,2,3,6,0.774881852,0.929858222
1013,22323,BQu,15.72,31.03,38.98,0.2,4,2,3,6,0.563538773,0.84530816
1014,ARA40AD,BQu,9.74,27.2,23.52,0,4,2,3,8,0.619092686,1.238185371
1015,ARA81AB,BQu,10.93,31.66,24.38,0,5,3,3,8,0.752013458,1.203221533
1016,ARB24BF,BQu,10.81,23.26,34.14,0,4,3,3,8,0.599053059,1.198106118
1017,H0752A,BQu,18.16,46.65,23.93,0.2,5,2,3,6,0.712473403,0.854968083
1018,J1045A,BQu,2.62,24.09,20.12,0,4,2,3,8,0.646881666,1.293763331
1019,169,FNy,23.58,50.49,32.89,0.4,4,1,3,5,0.539451144,0.67431393
1020,377,FNy,24.06,44.9,34.43,0.05,3,1,3,7,0.408531996,0.953241324
1021,871,FNy,30.13,48.12,30.04,0,6,2,3,8,0.824603109,1.099470812
1022,973,FNy,7.78,27.33,19.85,0.2,4,2,3,6,0.635304943,0.952957415
1023,3328,FNy,9.62,34.09,26.78,0.05,4,1,3,7,0.586797689,1.026895956
1024,5969,FNy,31.69,30.57,43.37,0.4,4,2,3,5,0.556344708,0.695430885
1025,6156,FNy,14.57,33.49,28.56,0.2,5,2,3,6,0.728517403,0.874220884
1026,6163,FNy,15.46,34.46,32.57,0.8,2,1,3,3,0.284770846,0.427156269
1027,10185,FNy,9.98,25.88,27.2,0,5,2,3,8,0.762580197,1.220128315
1028,12388,FNy,11.72,33.57,30.13,0,6,2,3,8,0.867158016,1.156210689
1029,13403,FNy,23.67,27.77,34.55,0.4,5,2,3,5,0.728187452,0.728187452
1030,13664,FNy,6.37,25.19,23.98,0,4,1,3,8,0.624642076,1.249284152
1031,20731,FNy,25.47,35.69,39.95,0,5,2,3,8,0.688468233,1.101549173
1032,20808,FNy,8.48,29.65,22.67,0,5,2,3,8,0.767989628,1.228783405
1033,21027,FNy,60.21,74.1,34.72,1,1,1,3,1,0.127344225,0.127344225
1034,21443,FNy,14.1,32.05,29.28,0,5,2,3,8,0.730545372,1.168872595
1035,23220,FNy,6.07,35.46,17.88,0.2,3,2,3,6,0.464965755,0.92993151
1036,ARD26DA,FNy,14.43,31.56,32.48,0.2,5,1,3,6,0.721238972,0.865486766
1037,J2217A,FNy,6.75,28.27,26.01,0.05,5,3,3,7,0.757543361,1.060560705
1038,K0516C,FNy,3.96,19.89,20.62,0.8,3,2,3,3,0.498630547,0.498630547
1039,4756,HLi,10.35,21.47,31.55,0,2,1,3,8,0.306831753,1.227327013
1040,16045,HLi,15.08,34.42,26.82,0.05,3,1,3,7,0.439381103,1.025222574
1041,M0330A,HLi,29.48,52.97,30.42,1,1,1,3,1,0.135412805,0.135412805
1042,3779,NyR,38.31,36.98,45.58,0,5,3,3,8,0.672961436,1.076738297
1043,5971,NyR,8.03,18.16,29.64,0,7,4,3,8,1.113170269,1.272194593
1044,6276,NyR,12.33,30.52,30.73,1,1,1,3,1,0.146121463,0.146121463
1045,7848,NyR,15.98,32.34,34.86,1,1,1,3,1,0.142295181,0.142295181
1046,8668,NyR,4.87,19.93,20.07,0,3,2,3,8,0.500713325,1.335235533
1047,10000,NyR,16.76,45.51,26.12,0.05,5,3,3,7,0.706151516,0.988612122
1048,11055,NyR,19.92,34.31,34.66,0.4,3,2,3,5,0.423667589,0.706112648
1049,11622,NyR,7.84,20.05,22.62,0.2,4,2,3,6,0.653908517,0.980862775
1050,11821,NyR,12.95,35.54,30.33,0.05,6,3,3,7,0.859254642,1.002463749
1051,12618,NyR,19.26,38.89,29.39,0,5,3,3,8,0.710086907,1.136139051
1052,12804,NyR,7.041,28.61,22.1,0.4,4,1,3,5,0.620219088,0.77527386
1053,12895,NyR,6.96,27.56,15.21,0.6,4,2,3,4,0.662436068,0.662436068
1054,16116,NyR,21.78,31.48,44.88,1,1,1,3,1,0.137867431,0.137867431
1055,20961,NyR,53.34,38.45,46.64,0.4,5,3,3,5,0.667394818,0.667394818
1056,24093,NyR,6.57,30.55,19.36,0,6,3,3,8,0.94005964,1.253412854
1057,ARA45AA,NyR,19.67,31.84,31.34,0.4,4,2,3,5,0.579238477,0.724048096
1058,ARD03DB,NyR,30.34,34.45,36.82,0,6,4,3,8,0.839683419,1.119577892
1059,ARD04DC,NyR,1.53,16.05,11.14,0,5,3,3,8,0.96408753,1.542540049
1060,L1629A,NyR,6.06,22.12,24.55,0.2,4,2,3,6,0.635203549,0.952805324
1061,Q1229A,NyR,2.04,19.53,16.41,0,5,3,3,8,0.866574758,1.386519613
1062,356,OGr,7.74,23.55,40.19,0,2,2,3,8,0.29185389,1.167415559
1063,657,OGr,35.52,41.62,47.75,0.4,4,1,3,5,0.526692798,0.658365998
1064,3721,OGr,12.73,34.56,29.37,0.05,4,2,3,7,0.577811683,1.011170445
1065,4225,OGr,30.61,25.94,47.95,0.2,5,2,3,6,0.701661325,0.841993591
1066,6223,OGr,16.43,36.43,35.09,0,6,2,3,8,0.838772681,1.118363575
1067,18944,OGr,13.68,39.73,26.82,0,5,2,3,8,0.717231029,1.147569646
1068,19861,OGr,68.21,45.6,53.92,0.4,4,2,3,5,0.512333849,0.640417312
1069,ARB01BB,OGr,18.06,26.92,39.7,0,3,2,3,8,0.430155588,1.147081567
1070,ARD02DB,OGr,17.6,44.85,23.54,0,4,2,3,8,0.574545506,1.149091012
1071,G1150B,OGr,4.02,26.28,17.79,0,3,1,3,8,0.488007644,1.301353716
1072,L0330A,OGr,3.63,28.73,17.65,0,4,2,3,8,0.642190882,1.284381765
1073,11983,BFe,2.95,20.04,21.01,0,5,2,4,8,0.827440743,1.323905189
1074,13365,BFe,57.75,45.1,40.44,0.4,4,2,4,5,0.532715267,0.665894084
1075,23368,BQu,6.78,32.54,20.65,0,4,2,4,8,0.614421824,1.228843648
1076,1920,FNy,5.36,20.02,31.08,0.2,3,2,4,6,0.466323928,0.932647856
1077,K1523A,NyR,9.52,21.12,33.6,0.4,4,2,4,5,0.609315224,0.76164403
2272,74,Hph,20.51,67.83,26.09,0,6,2,2,8,0.802293846,1.069725129
2273,593,Hph,7.02,22.39,34.21,0,3,2,1,8,0.451730188,1.204613834
2274,600,Hph,12.87,36.84,33.92,0,6,2,2,8,0.841445213,1.121926951
2275,805,Hph,7.57,30.54,30.01,0,6,3,1,8,0.879692136,1.172922849
2276,861,Hph,7.7,20.39,23.73,0,5,3,2,8,0.808827916,1.294124666
2277,871,Hph,30.13,48.12,30.04,0,6,2,3,8,0.824603109,1.099470812
2278,985,Hph,12.9,30.74,28.55,0,6,2,2,8,0.88531854,1.18042472
2279,1115,Hph,4.66,29.27,12.73,0,5,2,2,8,0.84451977,1.351231632
2280,1322,Hph,6.05,32.76,20.33,0,3,2,1,8,0.461445754,1.230522012
2281,2946,Hph,2.45,22.24,15.49,0,3,1,2,8,0.513515108,1.369373621
2282,3093,Hph,3.64,29.47,19.12,0,3,1,1,8,0.473626301,1.263003468
2283,3112,Hph,15.47,34.92,29.95,0,3,1,1,8,0.431493934,1.150650489
2284,3193,Hph,16.23,34.56,29.95,0,4,3,1,8,0.576184043,1.152368086
2285,3381,Hph,4.15,25.67,18.23,0,5,3,2,8,0.813220813,1.3011533
2286,3856,Hph,31.58,38.69,40.44,0,6,3,2,8,0.815727158,1.087636211
2287,3864,Hph,2.69,18.71,16.53,0,3,1,2,8,0.523173531,1.395129416
2288,4038,Hph,7.48,40.11,29.7,0,5,2,2,8,0.705938224,1.129501159
2289,4938,Hph,4.77,29.38,19.01,0,5,2,2,8,0.790478925,1.264766279
2290,5156,Hph,10.11,45.23,20.95,0,5,1,1,8,0.729511747,1.167218795
2291,5902,Hph,4.62,24.36,23.49,0,3,2,1,8,0.472476865,1.259938306
2292,6921,Hph,5.23,33.51,14.5,0,4,1,1,8,0.646622182,1.293244364
2293,6937,Hph,3.17,18.88,17.35,0,4,1,2,8,0.690644024,1.381288048
2294,6940,Hph,3.37,19.61,15.11,0,3,1,2,8,0.527111412,1.405630431
2295,7787,Hph,4.36,23.3,23.36,0,3,1,1,8,0.476229896,1.269946389
2296,10185,Hph,9.98,25.88,27.2,0,5,2,3,8,0.762580197,1.220128315
2297,10194,Hph,4.28,26.33,19.51,0,4,2,1,8,0.640857608,1.281715216
2298,11312,Hph,5.3,33.26,23.85,0,2,1,2,8,0.299574319,1.198297275
2299,12388,Hph,11.72,33.57,30.13,0,6,2,3,8,0.867158016,1.156210689
2300,12477,Hph,41.45,44.04,43.55,0,5,3,1,8,0.661462455,1.058339928
2301,13664,Hph,6.37,25.19,23.98,0,4,1,3,8,0.624642076,1.249284152
2302,14188,Hph,3.85,30.27,18.08,0,3,1,2,8,0.475815603,1.268841608
2303,14640,Hph,8.8,33.48,19.79,0,4,3,2,8,0.615751698,1.231503395
2304,14670,Hph,7.71,31.42,20.14,0,4,2,1,8,0.620140375,1.240280749
2305,14874,Hph,9.41,28.3,26.14,0,5,2,2,8,0.75685004,1.210960064
2306,14911,Hph,13.07,32.39,21.02,0,3,2,1,8,0.459888234,1.226368624
2307,14959,Hph,4.39,20.63,20.13,0,4,2,1,8,0.663464613,1.326929226
2308,15124,Hph,11.12,27.62,25.16,0,3,1,1,8,0.458449529,1.222532077
2309,15213,Hph,4.24,20.22,24.4,0,3,2,1,8,0.483773016,1.290061375
2310,15794,Hph,26.82,31.12,39.26,0,5,2,1,8,0.703427122,1.125483395
2311,16212,Hph,18.34,36.96,34.06,0,3,2,2,8,0.420288154,1.120768411
2312,16372,Hph,7.25,17.79,27.15,0,4,3,1,8,0.647247772,1.294495544
2313,17324,Hph,15.59,36.08,33.61,0,5,2,1,8,0.70416958,1.126671328
2314,20051,Hph,3.17,16.35,23.39,0,2,2,2,8,0.336330233,1.345320933
2315,20731,Hph,25.47,35.69,39.95,0,5,2,3,8,0.688468233,1.101549173
2316,20808,Hph,8.48,29.65,22.67,0,5,2,3,8,0.767989628,1.228783405
2317,21200,Hph,6.81,32.48,17.25,0,4,2,2,8,0.632067636,1.264135272
2318,21443,Hph,14.1,32.05,29.28,0,5,2,3,8,0.730545372,1.168872595
2319,22089,Hph,6.13,30.3,16.94,0,2,2,1,8,0.32047043,1.28188172
2320,24371,Hph,11.03,29.22,23.63,0,3,2,2,8,0.458900104,1.22373361
2321,K1318A,Hph,1.15,8.81,16.61,0,2,1,1,8,0.401131804,1.604527217
2322,L0818B,Hph,2.02,16.36,14.89,0,4,2,1,8,0.727864391,1.455728783
2323,L0821C,Hph,1.94,17.07,16.48,0,4,2,1,8,0.709286503,1.418573007
2324,J2017C,Hph,2.2,21.53,14.97,0,4,2,1,8,0.692581267,1.385162535
2325,J1328A,Hph,3.81,26.46,13.16,0,3,1,2,8,0.512573769,1.366863384
2326,J1030B,Hph,0.72,14.35,9.69,0,3,2,2,8,0.607921907,1.621125086
2327,K1332A,Hph,1.68,26.88,11.43,0,4,2,2,8,0.698369866,1.396739732
2328,J1237A,Hph,0.5,9.82,16.79,0,2,1,2,8,0.391757071,1.567028285
2329,J1039A,Hph,0.98,10.69,15.41,0,2,1,1,8,0.391824551,1.567298206
2330,J1239A,Hph,1.35,12.62,15.88,0,3,1,2,8,0.566001073,1.509336193
2331,H1042A,Hph,2.6,15.6,15.99,0,3,2,1,8,0.543553645,1.449476388
2332,I1747A,Hph,5.21,25.2,25.23,0,3,2,1,8,0.464764805,1.239372812
2333,I0842A,Hph,1.69,18.74,16.46,0,4,2,1,8,0.697886202,1.395772404
2334,J1441A,Hph,1.96,25.09,14.81,0,4,1,2,8,0.675930064,1.351860128
2335,G1150A,Hph,4.28,16.98,23.4,0,3,1,1,8,0.501272212,1.336725898
2336,K1432A,Hph,3.51,22.11,20.93,0,5,2,2,8,0.814701977,1.303523164
2337,G0624A,Hph,13.27,36.88,31.12,0,5,2,1,8,0.709670816,1.135473306
2338,G1133A,Hph,3.48,26.08,16.08,0,4,1,2,8,0.662389288,1.324778576
2339,L1420B,Hph,1.61,11.84,19.99,0,3,1,2,8,0.548775558,1.463401487
2340,L0715A,Hph,2.32,16.84,17.08,0,4,2,2,8,0.706505924,1.413011847
2341,L0331A,Hph,4.84,26.16,27.6,0,4,2,1,8,0.607713652,1.215427303
2342,L0831B,Hph,0.35,8.18,10.96,0,3,1,2,8,0.667268034,1.779381423
2343,M0327A,Hph,2.01,21.11,16.75,0,4,1,2,8,0.681646401,1.363292801
2344,N1115B,Hph,1.86,19.64,16.59,0,4,1,1,8,0.69127987,1.38255974
2345,N1120A,Hph,2.44,23.22,14.24,0,3,1,2,8,0.517146074,1.379056199
2346,ARA48AM,Hph,10.14,34.42,33.05,0,5,3,2,8,0.710564452,1.136903123
2347,ARD19DA,Hph,9.67,35.91,24.42,0,4,1,1,8,0.590282334,1.180564669
2348,ARD07DD,Hph,10.6,34.33,32.01,0,4,2,2,8,0.571259808,1.142519616
2349,ARD07DB,Hph,34.24,26.34,39.95,0,5,3,2,8,0.718523218,1.14963715
2350,ARD03DF,Hph,8.08,27.84,24.78,0,7,3,1,8,1.070907753,1.223894575
2351,ARA__BB,Hph,15.97,44.98,29.32,0,7,4,1,8,0.974321367,1.113510134
2352,179,Hph,71.72,72.76,38.99,1,1,1,1,1,0.125778703,0.125778703
2353,261,Hph,25.05,31.28,26.37,1,1,1,1,1,0.148915761,0.148915761
2354,304,Hph,61.64,47.53,47.11,1,1,1,1,1,0.129637012,0.129637012
2355,400,Hph,16.46,38.8,22.88,1,1,1,2,1,0.147303967,0.147303967
2356,486,Hph,31.5,47.69,24.86,1,1,1,1,1,0.141283211,0.141283211
2357,604,Hph,9.57,20.24,38.89,1,1,1,1,1,0.149961055,0.149961055
2358,965,Hph,5.27,27.3,21.37,1,1,1,1,1,0.157013607,0.157013607
2359,1527,Hph,2.23,16.47,19.72,1,1,1,1,1,0.17291543,0.17291543
2360,1540,Hph,8.51,33.49,24.89,1,1,1,1,1,0.148683121,0.148683121
2361,1915,Hph,5.05,20.48,26.25,1,1,1,1,1,0.15905547,0.15905547
2362,2102,Hph,11.32,27.82,35.98,1,1,1,1,1,0.144744646,0.144744646
2363,2199,Hph,15.91,21.99,19.59,1,1,1,1,1,0.164863961,0.164863961
2364,2662,Hph,74.87,48.47,32.14,1,1,1,1,1,0.136035055,0.136035055
2365,2895,Hph,7.57,21.96,24.99,1,1,1,2,1,0.158536433,0.158536433
2366,3072,Hph,3.29,18.54,32.71,1,1,1,1,1,0.156064395,0.156064395
2367,3633,Hph,17.06,31.54,34.76,1,1,1,1,1,0.142862778,0.142862778
2368,3876,Hph,83.52,41.82,54.55,1,1,1,1,1,0.129324408,0.129324408
2369,3878,Hph,20.62,44.01,35.48,1,1,1,2,1,0.135991772,0.135991772
2370,4656,Hph,10.29,17.73,36.28,1,1,1,1,1,0.154642569,0.154642569
2371,5343,Hph,6.75,20.09,18.86,1,1,1,2,1,0.168427706,0.168427706
2372,6191,Hph,24.12,49.62,35.16,1,1,1,1,1,0.133970981,0.133970981
2373,6342,Hph,5.19,22.95,25.99,1,1,1,1,1,0.156469307,0.156469307
2374,6885,Hph,26.14,52.61,25.31,1,1,1,1,1,0.139002682,0.139002682
2375,7931,Hph,10.04,19.69,33.57,1,1,1,1,1,0.153994375,0.153994375
2376,8878,Hph,11.27,32.99,25.56,1,1,1,2,1,0.148428885,0.148428885
2377,9918,Hph,5.37,24.56,23.4,1,1,1,1,1,0.157384766,0.157384766
2378,10528,Hph,9.78,32.51,23.65,1,1,1,1,1,0.150491109,0.150491109
2379,10724,Hph,71.31,55.76,43.4,1,1,1,1,1,0.128344724,0.128344724
2380,11122,Hph,16.22,21.81,32.61,1,1,1,1,1,0.152276822,0.152276822
2381,11766,Hph,10.28,26.53,29.53,1,1,1,1,1,0.150067166,0.150067166
2382,11865,Hph,17.99,39.91,24.73,1,1,1,1,1,0.145040121,0.145040121
2384,12839,Hph,13.25,15.34,37.89,1,1,1,1,1,0.157105463,0.157105463
2385,14080,Hph,19.71,33.27,26.92,1,1,1,2,1,0.147112355,0.147112355
2386,14512,Hph,8.05,28.49,25.82,1,1,1,1,1,0.151499025,0.151499025
2387,14804,Hph,4.47,30.45,12.25,1,1,1,2,1,0.168872937,0.168872937
2388,14848,Hph,12.85,28.97,25.08,1,1,1,2,1,0.151783497,0.151783497
2389,15224,Hph,23.91,46.71,18.84,1,1,1,1,1,0.147493919,0.147493919
2390,16077,Hph,4.12,33.89,15.32,1,1,1,2,1,0.159941675,0.159941675
2391,16596,Hph,29.74,59.02,31.59,1,1,1,1,1,0.132789481,0.132789481
2392,16710,Hph,35.3,32.44,39.26,1,1,1,1,1,0.139867996,0.139867996
2393,18807,Hph,39.57,32.63,29.74,1,1,1,1,1,0.145396914,0.145396914
2394,20225,Hph,34.25,19.66,42.37,1,1,1,1,1,0.148698295,0.148698295
2395,21027,Hph,60.21,74.1,34.72,1,1,1,3,1,0.127344225,0.127344225
2396,21114,Hph,25.04,46.54,28.53,1,1,1,1,1,0.139057529,0.139057529
2397,21265,Hph,24.47,29.19,35.47,1,1,1,1,1,0.144040052,0.144040052
2398,21296,Hph,15.68,46.37,15.37,1,1,1,1,1,0.152228544,0.152228544
2399,22819,Hph,19.64,28.49,37.31,1,1,1,1,1,0.143496429,0.143496429
2400,23461,Hph,4.67,17.38,20.88,1,1,1,1,1,0.169660845,0.169660845
2401,23684,Hph,39.06,46.73,42.12,1,1,1,1,1,0.131840737,0.131840737
2402,23762,Hph,62.12,35.98,37.53,1,1,1,2,1,0.138732741,0.138732741
2403,K1426A,Hph,5.64,21.3,25.43,1,1,1,1,1,0.158865405,0.158865405
2404,O0519A,Hph,8.14,33.73,20.08,1,1,1,1,1,0.15341866,0.15341866
2405,I1225A,Hph,5.19,22.37,21.94,1,1,1,2,1,0.161393608,0.161393608
2406,J2215H,Hph,17.36,36.83,28.81,1,1,1,1,1,0.143533075,0.143533075
2407,F1336B,Hph,4.71,18.13,18.7,1,1,1,1,1,0.171641656,0.171641656
2408,K1024B,Hph,4.14,19.08,20.05,1,1,1,1,1,0.16815569,0.16815569
2409,L1319C,Hph,2.91,19.19,16.31,1,1,1,2,1,0.174029031,0.174029031
2410,N0913A,Hph,2.87,26.85,11.59,1,1,1,1,1,0.174203631,0.174203631
2411,Q1328A,Hph,6.27,25.95,22.62,1,1,1,1,1,0.156862595,0.156862595
2412,ARD06DB,Hph,19.66,38.38,37.22,1,1,1,1,1,0.137657945,0.137657945
2413,34,Hph,18.76,42.68,27.63,0.05,5,3,1,7,0.70695034,0.989730477
2414,69,Hph,6.08,31.24,25.76,0.05,5,2,1,7,0.747325819,1.046256146
2415,377,Hph,24.06,44.9,34.43,0.05,3,1,3,7,0.408531996,0.953241324
2416,730,Hph,8.34,28.85,26.11,0.05,5,2,1,7,0.754782106,1.056694948
2417,1292,Hph,2.49,18,26.8,0.05,3,1,2,7,0.485533242,1.132910898
2418,3328,Hph,9.62,34.09,26.78,0.05,4,1,3,7,0.586797689,1.026895956
2419,3961,Hph,12.42,45.05,24.05,0.05,3,1,1,7,0.429313037,1.001730421
2420,4873,Hph,4.09,29.51,21.91,0.05,2,1,2,7,0.309039131,1.08163696
2421,5044,Hph,9.73,30.73,24.39,0.05,6,2,2,7,0.906424841,1.057495647
2422,5097,Hph,14.77,39.47,26.04,0.05,4,2,2,7,0.576769897,1.009347319
2423,5796,Hph,11.09,30.39,24.91,0.05,3,1,1,7,0.452530805,1.055905213
2424,5810,Hph,3.77,21.09,21.4,0.05,3,2,1,7,0.490822445,1.145252372
2425,6188,Hph,14.66,28.38,38.69,0.05,2,1,2,7,0.285662628,0.999819198
2426,6190,Hph,27.93,47.13,32.85,0.05,5,2,2,7,0.680748032,0.953047244
2427,6412,Hph,3.02,26.27,17.91,0.05,3,1,1,7,0.4875047,1.137510968
2428,10401,Hph,9.89,25.33,23.81,0.05,4,2,2,7,0.624795465,1.093392064
2429,11213,Hph,3.72,18.48,19.86,0.05,3,1,2,7,0.5080099,1.185356433
2430,11285,Hph,9.498,23.89,33.32,0.05,4,2,1,7,0.59883666,1.047964155
2431,11299,Hph,3.54,17.43,26.65,0.05,3,1,2,7,0.488521216,1.139882838
2432,11410,Hph,5.27,24.11,24.51,0.05,2,1,1,7,0.31339573,1.096885053
2433,12062,Hph,11.22,23.68,31.82,0.05,4,2,2,7,0.603798572,1.056647502
2434,13277,Hph,6.73,23.15,22.11,0.05,3,2,1,7,0.480921463,1.12215008
2435,13983,Hph,8.38,18.58,28.49,0.05,4,1,1,7,0.637791824,1.116135691
2436,14530,Hph,22.03,25.36,40.01,0.05,4,1,1,7,0.577842411,1.01122422
2437,15682,Hph,36.36,46.81,44.76,0.05,3,1,1,7,0.392289588,0.915342372
2438,17817,Hph,10.82,34.52,26.58,0.05,3,2,1,7,0.439773211,1.026137493
2439,19174,Hph,38.56,38.8,40.22,0.05,4,2,2,7,0.544011582,0.952020269
2440,23550,Hph,6.79,20.98,31.75,0.05,3,1,1,7,0.461434651,1.076680852
2441,K0523A,Hph,3.19,18.42,26.34,0.05,2,1,1,7,0.323387773,1.131857204
2442,M0231A,Hph,9.01,21.16,28.72,0.05,5,3,1,7,0.780066937,1.092093712
2443,F1547D,Hph,2.13,19.66,17.79,0.05,3,2,1,7,0.512188147,1.195105677
2444,I1649C,Hph,4.6,31.99,20.38,0.05,4,2,2,7,0.617286105,1.080250684
2445,K0631A,Hph,4.49,32.5,17.65,0.05,3,1,2,7,0.472293985,1.102019299
2446,J2217A,Hph,6.75,28.27,26.01,0.05,5,3,3,7,0.757543361,1.060560705
2447,L1526A,Hph,1.94,24.15,11.21,0.05,3,1,2,7,0.535609974,1.249756606
2448,L1319A,Hph,11.87,31.74,35.42,0.05,3,1,1,7,0.427055118,0.996461941
2449,M1215A,Hph,11.69,39.04,22.13,0.05,5,2,1,7,0.739478597,1.035270036
2450,R1229A,Hph,2.3,24.62,17.22,0.05,3,1,2,7,0.495898045,1.157095439
2451,10,Hph,12.5,37.46,29.2,0.2,3,1,2,6,0.428728073,0.857456146
2452,86,Hph,3.79,22.39,19.47,0.2,3,2,2,6,0.493624896,0.987249792
2453,125,Hph,12.78,34.63,31.53,0.2,5,2,1,6,0.714728863,0.857674636
2454,167,Hph,16.36,23.58,35.35,0.2,4,2,1,6,0.594733874,0.89210081
2455,233,Hph,15.48,42.35,27.92,0.2,4,2,2,6,0.565346118,0.848019176
2456,314,Hph,8.02,39.71,25.16,0.2,6,2,2,6,0.868701743,0.868701743
2457,370,Hph,23.94,50.04,27.04,0.2,4,1,1,6,0.554774253,0.83216138
2458,585,Hph,12.89,35.19,23.27,0.2,3,2,1,6,0.447232063,0.894464126
2459,711,Hph,6.06,27.21,21.24,0.2,5,2,2,6,0.786228948,0.943474738
2460,945,Hph,22.04,33.06,28.88,0.2,5,2,1,6,0.728706461,0.874447753
2461,973,Hph,7.78,27.33,19.85,0.2,4,2,3,6,0.635304943,0.952957415
2462,1256,Hph,18.38,37.17,30.67,0.2,5,3,2,6,0.710349671,0.852419605
2463,1361,Hph,8.13,33.31,22.68,0.2,2,1,1,6,0.30178015,0.90534045
2464,1803,Hph,7.67,33.78,26.72,0.2,3,2,2,6,0.440834094,0.881668188
2465,1896,Hph,6.46,28.6,24.93,0.2,3,1,2,6,0.456657244,0.913314488
2466,1920,Hph,5.36,20.02,31.08,0.2,3,2,4,6,0.466323928,0.932647856
2467,2007,Hph,7.25,36.04,15.68,0.2,4,2,2,6,0.631211969,0.946817954
2468,2177,Hph,9.72,19.03,30.22,0.2,3,1,1,6,0.472104848,0.944209696
2469,2353,Hph,1.76,16.86,15.66,0.2,3,2,1,6,0.53801491,1.07602982
2470,2538,Hph,44.05,53.09,36.57,0.2,5,2,2,6,0.660395828,0.792474994
2471,3277,Hph,28.63,29.14,37.17,0.2,5,1,2,6,0.715551854,0.858662225
2472,3357,Hph,10.29,32.63,28.32,0.2,4,2,2,6,0.585754419,0.878631629
2473,5172,Hph,8.01,30.04,23.99,0.2,3,2,1,6,0.455915487,0.911830974
2474,5175,Hph,36.61,49.52,44.32,0.2,6,2,2,6,0.779847425,0.779847425
2475,5194,Hph,7.71,21.81,25.57,0.2,3,1,1,6,0.474399177,0.948798355
2476,5353,Hph,25.77,32.96,30.16,0.2,6,2,1,6,0.869337017,0.869337017
2477,5356,Hph,10.96,32.44,24.32,0.2,4,2,1,6,0.599638003,0.899457004
2478,5556,Hph,12.46,33.36,28.65,0.2,3,1,1,6,0.437157768,0.874315536
2479,5660,Hph,5.17,24.76,22.75,0.2,2,1,1,6,0.315766476,0.947299429
2480,6156,Hph,14.57,33.49,28.56,0.2,5,2,3,6,0.728517403,0.874220884
2481,6235,Hph,15.05,32.9,25.93,0.2,3,2,2,6,0.444518646,0.889037291
2482,6338,Hph,5.51,29.13,16.15,0.2,4,2,1,6,0.65001664,0.97502496
2483,6615,Hph,5.24,20.79,24.16,0.2,2,1,1,6,0.321586296,0.964758889
2484,6728,Hph,18.57,27.01,28.16,0.2,4,2,2,6,0.602944507,0.90441676
2485,6840,Hph,11.27,39.04,29.28,0.2,3,1,2,6,0.426046104,0.852092208
2486,7260,Hph,7.47,33.02,20.42,0.2,4,1,2,6,0.614097066,0.921145599
2487,7663,Hph,4.24,29.49,16.75,0.2,5,2,2,6,0.806133128,0.967359753
2488,7765,Hph,1.85,21.74,14.65,0.2,2,1,2,6,0.347005692,1.041017076
2489,7987,Hph,5.99,22.52,22.79,0.2,3,1,2,6,0.480713329,0.961426658
2490,8293,Hph,14.91,33.66,35.79,0.2,3,2,1,6,0.422893854,0.845787708
2491,8367,Hph,17.51,32.84,31.81,0.2,5,2,2,6,0.719276673,0.863132008
2492,8514,Hph,20.62,32.69,29.45,0.2,3,2,1,6,0.436696279,0.873392559
2493,9593,Hph,3.885,29.19,13.56,0.2,3,1,2,6,0.501592517,1.003185034
2494,10116,Hph,6.28,31.57,16.88,0.2,4,2,2,6,0.637111409,0.955667114
2495,10444,Hph,24.39,37.1,35.67,0.2,4,1,1,6,0.556488681,0.834733022
2496,10809,Hph,4.21,23.57,18.56,0.2,2,1,1,6,0.32889417,0.986682509
2497,11666,Hph,6.04,21.44,22.45,0.2,2,2,1,6,0.323805416,0.971416247
2498,12063,Hph,3.67,18.4,20.7,0.2,2,1,1,6,0.336559573,1.009678719
2499,12600,Hph,12.37,37.7,28.76,0.2,6,2,1,6,0.858535447,0.858535447
2500,12632,Hph,21.44,38.21,29.57,0.2,3,1,1,6,0.426751177,0.853502353
2501,12650,Hph,16.04,42.2,22.24,0.2,3,1,2,6,0.438320126,0.876640252
2502,12993,Hph,10.04,26.66,27.85,0.2,4,2,2,6,0.605143971,0.907715956
2503,13258,Hph,5.29,30.16,18.05,0.2,3,1,1,6,0.476216008,0.952432017
2504,13942,Hph,6.32,29.49,19.97,0.2,3,1,2,6,0.470346063,0.940692126
2505,14484,Hph,12.41,30.68,20.51,0.2,4,1,1,6,0.620682036,0.931023055
2506,14532,Hph,7.05,30.95,27.32,0.2,4,2,1,6,0.593472512,0.890208767
2507,14797,Hph,1.84,16.98,11.6,0.2,3,1,1,6,0.567854734,1.135709468
2508,15455,Hph,13.6,35.2,24.9,0.2,4,1,2,6,0.590326274,0.885489412
2509,16691,Hph,8.87,28.6,27.4,0.2,3,2,1,6,0.450183468,0.900366936
2510,19111,Hph,12.3,33.44,25.88,0.2,3,2,1,6,0.44357548,0.887150959
2511,17174,Hph,5.02,39.17,39.74,0.2,5,2,2,6,0.680247177,0.816296613
2512,20809,Hph,14.32,33.64,31.72,0.2,4,1,2,6,0.573668893,0.86050334
2513,21857,Hph,7.56,41.98,19.26,0.2,3,2,1,6,0.448080621,0.896161241
2514,22862,Hph,9.71,37.56,23.66,0.2,3,2,1,6,0.441844077,0.883688153
2515,23091,Hph,5.76,23.75,19.65,0.2,3,1,1,6,0.488149371,0.976298742
2516,23220,Hph,6.07,35.46,17.88,0.2,3,2,3,6,0.464965755,0.92993151
2517,I1351A,Hph,15.3,30.21,35.27,0.2,3,1,2,6,0.430341624,0.860683248
2518,K2216F,Hph,17.87,25.76,30.22,0.2,3,1,1,6,0.450631322,0.901262643
2519,K1625A,Hph,7.42,20.3,23.57,0.2,4,1,2,6,0.648235642,0.972353462
2520,L0818A,Hph,4.8,28.98,16.59,0.2,4,2,2,6,0.647730687,0.971596031
2521,L1231A,Hph,2.06,19.1,16.72,0.2,2,1,1,6,0.346843227,1.040529682
2522,H1018A,Hph,1.62,16.82,15.22,0.2,3,1,2,6,0.541010488,1.082020976
2523,G1148A,Hph,3.65,25.3,15.02,0.2,3,2,2,6,0.505034602,1.010069204
2524,H1246A,Hph,4.86,24.45,20.14,0.2,4,2,1,6,0.645230174,0.96784526
2525,M0623A,Hph,1.8,18.08,16.63,0.2,3,1,1,6,0.525761006,1.051522011
2526,M0622A,Hph,8.61,30.97,21.83,0.2,5,2,2,6,0.76730611,0.920767332
2527,S1123B,Hph,24.9,53.29,31.13,0.2,4,1,1,6,0.5395256,0.809288399
2528,Q1230H,Hph,1.81,14.47,17.36,0.2,4,1,1,6,0.723818632,1.085727948
2529,I0839A,Hph,2.46,17.65,28.28,0.2,3,1,1,6,0.482867023,0.965734046
2530,I1346C,Hph,1.61,15.74,20.52,0.2,2,1,1,6,0.346164182,1.038492546
2531,ARA77AC,Hph,10.55,34.42,26.91,0.2,4,1,1,6,0.585554166,0.878331249
2532,ARA65AK,Hph,16.87,32.32,31.3,0.2,3,1,2,6,0.433569598,0.867139197
2533,ARA48AG,Hph,6.03,26.38,26.44,0.2,5,2,1,6,0.763652095,0.916382514
2534,ARA45AE,Hph,6.53,23.97,22.46,0.2,4,2,2,6,0.636077792,0.954116688
2535,ARA63AT,Hph,5.01,29.11,21.96,0.2,2,1,2,6,0.309582937,0.92874881
2536,ARD26DA,Hph,14.43,31.56,32.48,0.2,5,1,3,6,0.721238972,0.865486766