"","Accession","Perimeter","Mass","Mass3","PerMass","RM"
"1","77",15.91,24.87,1.41279642871654,11.2613534948226,"BBA"
"2","288",11.29,8.72,0.987666264926275,11.4309867623582,"BBA"
"3","441",14.81,19.14,1.3040594662176,11.3568440578528,"BBA"
"4","544",10.69,6.78,0.890979596989689,11.998030073997,"BBA"
"5","6945",11.34,9.31,1.01325866528352,11.1916141342122,"BBA"
"6","1345",8.75,3.34,0.637489729512511,13.7257113250925,"BBA"
"7","3279",14.34,23.42,1.38774565960886,10.3333056030179,"BBA"
"8","3325",15.93,20.24,1.32715451240943,12.0031238646654,"BBA"
"9","3902",12.79,13.62,1.16494737262184,10.9790367364104,"BBA"
"10","6305",13.53,27.63,1.4568213480216,9.28734330971611,"BBA"
"11","8326",8.63,3.04,0.606381365110605,14.2319676964774,"BBA"
"12","9421",13.34,20.86,1.33965015761368,9.95782363341972,"BBA"
"13","9875",9.01,4.48,0.738780558484369,12.1957730161231,"BBA"
"14","11627",9.26,8.31,0.968949680981343,9.55673982019537,"BBA"
"15","11686",10.65,7.83,0.945960703577569,11.2583957871847,"BBA"
"16","13194",12.05,8.44,0.974971994298069,12.3593293658403,"BBA"
"17","14558",12.71,12.94,1.14426277376199,11.1075884765641,"BBA"
"18","14868",14.88,28.24,1.46597736828582,10.1502249092694,"BBA"
"19","18229",20.35,46.71,1.67860941655893,12.1231298950512,"BBA"
"20","20934",9.76,7.85,0.946943270697825,10.3068476243647,"BBA"
"21","21414",14.01,31.42,1.5108130105125,9.27315286704312,"BBA"
"22","23095",11.01,8.31,0.968949680981343,11.3628191598651,"BBA"
"23","23984",12.98,14.06,1.17782497186468,11.0203131280623,"BBA"
"24","K1221A",6.9,1.89,0.460897842756548,14.9707795522156,"BBA"
"25","K1630A",10.06,7.19,0.913283901760419,11.0151947062777,"BBA"
"26","G1227A",4.64,0.49,0.173186268412274,26.7919624490919,"BBA"
"27","M0328A",11.58,4.79,0.762678563727436,15.18332958436,"BBA"
"28","G0627A",9.07,3.55,0.658011396657112,13.7839557887268,"BBA"
"29","N0916A",8.44,4.04,0.702430536445525,12.0154229665306,"BBA"
"30","K1428A",9.28,3.71,0.673020907128896,13.7885761076702,"BBA"
"31","3375",19.01,39.74,1.61002102466415,11.8072992270182,"BBA"
"32","360",14.86,21.44,1.35102285258412,10.9990737548051,"BBA"
"33","3087",15.28,23.42,1.38774565960886,11.0106631530065,"BBA"
"34","3151",13.34,14.29,1.18440748541232,11.2630156127019,"BBA"
"35","3238",13.59,23.21,1.38399478944173,9.81940113046368,"BBA"
"36","5283",11.04,12.94,1.14426277376199,9.64813349970638,"BBA"
"37","10308",9.41,6.35,0.866287339084195,10.8624466449526,"BBA"
"38","11092",8.14,7.12,0.909556029241175,8.94942118825933,"BBA"
"39","12093",10.44,9.27,1.01157044359728,10.3205862390305,"BBA"
"40","24200",14.34,16.75,1.24919835739111,11.4793618764824,"BBA"
"41","24325",10.24,7.02,0.904174368284164,11.3252491545765,"BBA"
"42","K1324A",17.41,26.86,1.44498111208794,12.0486003964738,"BBA"
"43","265",12.26,17.78,1.27369558793009,9.62553385297029,"BBA"
"44","890",9.3,6.35,0.866287339084195,10.7354679912921,"BBA"
"45","1579",19.49,68.25,1.84041977773649,10.5899753065958,"BBA"
"46","3515",15.2,23.15,1.38291713508753,10.9912587054885,"BBA"
"47","5661",11.09,12.51,1.13065534902203,9.80847082145093,"BBA"
"48","9713",14.66,29.3,1.48144262850231,9.89575952382363,"BBA"
"49","11287",10.99,12.68,1.1360860973841,9.67356261581327,"BBA"
"50","12122",13.59,15.63,1.22089224921952,11.1312034364111,"BBA"
"51","J1634B",8.68,4.08,0.705863712283919,12.2969914006695,"BBA"
"52","G1549A",8.78,5.92,0.840106094456758,10.4510609528163,"BBA"
"53","D0620A",11.01,7.93,0.950851458888546,11.5790956590314,"BBA"
"54","1829",9.53,10.65,1.06632592536204,8.93722995318189,"BBA"
"55","11972",11.29,9.12,1.00518051250378,11.2318134499822,"BBA"
"56","23273",17.2,63.29,1.80814342576149,9.51251972323838,"BBA"
"57","13969",14.44,19.87,1.31952244906545,10.9433530367195,"BBA"
"58","18366",9.07,4.14,0.710963118995276,12.7573424804617,"BBA"
"59","19923",13.62,20.59,1.33425264233423,10.2079617966297,"BBA"
"60","K1325A",13.33,17.51,1.2674064187529,10.5175418103976,"BBA"
"61","15922",10.84,14.61,1.19340290306242,9.08326934029005,"BBA"
"62","K0723A",5.96,1.68,0.428134794028789,13.9208494220146,"BBA"
"63","41",16.89,25.09,1.41647407910022,11.9239739358513,"BFe"
"64","524",15.18,17.78,1.27369558793009,11.9180753579192,"BFe"
"65","582",8.97,2.84,0.584331224367531,15.3508825575922,"BFe"
"66","615",11.94,3.98,0.697229342759718,17.1249247094794,"BFe"
"67","1154",11.24,2.33,0.52244423350632,21.5142579420661,"BFe"
"68","1394",15.91,22.23,1.36604920980024,11.6467253784559,"BFe"
"69","2144",16.93,18.64,1.29314148345093,13.0921482426037,"BFe"
"70","2910",11.56,11.9,1.11058971029925,10.408884480737,"BFe"
"71","3043",14.58,7.05,0.905795880367869,16.0963416990577,"BFe"
"72","3736",10.49,7.17,0.912222056532416,11.4993930752728,"BFe"
"73","3933",16.85,22.48,1.37069809257558,12.2930060903043,"BFe"
"74","4958",10.78,3.02,0.60422605308447,17.8410049433816,"BFe"
"75","5658",11.55,6.99,0.902546779313991,12.7971206199184,"BFe"
"76","5854",26.12,77.38,1.89420525914208,13.7894242843725,"BFe"
"77","6570",11.64,8.85,0.993436230497612,11.7169070773365,"BFe"
"78","6783",18.23,12.39,1.12678057701201,16.1788376298979,"BFe"
"79","7092",14.55,11.99,1.11360915107303,13.0656253910811,"BFe"
"80","7783",12.16,6.73,0.888179493918325,13.6909263085489,"BFe"
"81","8545",14.4,NA,NA,NA,"BFe"
"82","9156",19.63,51.81,1.72271616748849,11.3947964095665,"BFe"
"83","10488",11.19,8.77,0.989894563718773,11.3042342186042,"BFe"
"84","11626",15.14,16.26,1.23704079137919,12.2388850113182,"BFe"
"85","11813",14.63,11.3,1.0899051114394,13.4231868870481,"BFe"
"86","11983",9.81,2.95,0.59659709562646,16.4432580579343,"BFe"
"87","14152",10.44,2.25,0.511883360978874,20.3952712587406,"BFe"
"88","16084",10.75,6.34,0.865696059916071,12.4177531789185,"BFe"
"89","18277",12.38,9.06,1.00259798071991,12.3479203410231,"BFe"
"90","22811",11.61,8.59,0.981818607170664,11.8249948770648,"BFe"
"91","K0523B",11.37,12.13,1.11826472608948,10.1675388078817,"BFe"
"92","1024BO",4.84,0.67,0.222716471147583,21.7316661630867,"BFe"
"93","K1106C",11.28,4.15,0.711807229041191,15.846987133292,"BFe"
"94","J1251B",7.47,1.38,0.376576957056512,19.8365828286169,"BFe"
"95","H1341A",7.94,4.35,0.728353782021228,10.9012957658653,"BFe"
"96","L1031A",9.68,1.37,0.374748346010104,25.8306677082412,"BFe"
"97","F0742A",7.61,1.8,0.447158031342219,17.0185917876893,"BFe"
"98","ARA65AE",17.45,18.47,1.28936595152003,13.5337837790956,"BFe"
"99","ARA57AL",12.44,9.14,1.00603795499732,12.3653386417545,"BFe"
"100","ARA53AC",18.83,10.91,1.07591176148278,17.5014352236928,"BFe"
"101","ARA53AB",16.55,24.91,1.41346741298582,11.7087948741879,"BFe"
"102","ARA63AC",11.86,8.2,0.963787827345555,12.3056129819201,"BFe"
"103","ARA44AA",18.73,20.62,1.33485568961729,14.0314793169664,"BFe"
"104","ARD27DE",11.62,3.53,0.656098202012832,17.7107633649219,"BFe"
"105","ARD27D",13.46,14.96,1.20303288701471,11.1883890667366,"BFe"
"106","ARD25DF",10.77,1.85,0.45484486000851,23.6784032247797,"BFe"
"107","ARA--V",14.02,20.36,1.32960124835652,10.5445147688675,"BFe"
"108","259",12.32,7.9,0.949390006644913,12.9767534035229,"BFe"
"109","437",14.25,NA,NA,NA,"BFe"
"110","4985",13.45,8.22,0.964730921053629,13.94171131709,"BFe"
"111","5761",19.34,29.58,1.4854374810763,13.0197334094376,"BFe"
"112","7035",10.88,3.41,0.644438589467838,16.8829120071541,"BFe"
"113","7270",11.14,6.38,0.868056361823042,12.8332680802021,"BFe"
"114","11133",19.68,36.48,1.57379958221574,12.5047688551885,"BFe"
"115","ARA80AB",30.55,230.17,2.36393147300184,12.9233864639934,"BFe"
"116","ARA63AA",21.82,62.37,1.80188370712524,12.1095495307031,"BFe"
"117","4148",14.89,20.08,1.32387060654051,11.2473227567987,"BFe"
"118","6234",12.84,10,1.04139268515823,12.3296429704124,"BFe"
"119","8897",13.74,6.91,0.898176483497677,15.297661709527,"BFe"
"120","11144",19.28,14.61,1.19340290306242,16.1554827380805,"BFe"
"121","11357",13.36,25.94,1.43039759138697,9.34006047021209,"BFe"
"122","11850",18.52,32.09,1.51969676715985,12.1866417039314,"BFe"
"123","15812",16.84,24.74,1.41060854256837,11.9381100367778,"BFe"
"124","19989",13.97,13.63,1.16524432612531,11.9889019725616,"BFe"
"125","21846",14.77,27.77,1.45893986189033,10.1237894623448,"BFe"
"126","I1546A",8.37,2.34,0.523746466811564,15.9810147282796,"BFe"
"127","F0648A",11.64,6.18,0.8561244442423,13.596154248699,"BFe"
"128","J2216A",14.5,12.21,1.12090281761453,12.9360010271528,"BFe"
"129","ARA65AH",13.65,22.83,1.37712404234646,9.91196114530251,"BFe"
"130","ARA24BC",12.46,14.98,1.20357677497797,10.3524762682697,"BFe"
"131","ARA06AE",NA,17.84,1.27508089845686,NA,"BFe"
"132","ARD05DA",14.13,24.51,1.40671045860979,10.0447109876216,"BFe"
"133","ARA--D",NA,53.74,1.7383047930741,NA,"BFe"
"134","525",19.63,32.25,1.52179164963912,12.8992690981417,"BFe"
"135","594",17.79,33.1,1.5327543789925,11.6065563040137,"BFe"
"136","616",11.78,6.6,0.880813592280791,13.3739988838009,"BFe"
"137","1334",12.93,7.81,0.944975908412048,13.6828885105947,"BFe"
"138","2186",17.32,29.39,1.48273070007994,11.681150190703,"BFe"
"139","2317",17.33,22.01,1.36191661866864,12.7247143932652,"BFe"
"140","4452",17.49,44.24,1.65552259625342,10.5646398542559,"BFe"
"141","4835",21.01,46.64,1.67797175281074,12.5210689421956,"BFe"
"142","5046",12.44,12.74,1.13798673272353,10.9315861444425,"BFe"
"143","5190",12.31,6.69,0.885926339801431,13.8950603983161,"BFe"
"144","5418",17.82,41.64,1.62981719601852,10.9337415530604,"BFe"
"145","5656",13.19,12.69,1.13640344813399,11.6067933634471,"BFe"
"146","6381",16.79,10.37,1.05576046468773,15.9032285841145,"BFe"
"147","8423",12.25,5.65,0.822821645303105,14.8877950281527,"BFe"
"148","8660",19.21,46.9,1.68033551341456,11.432240672557,"BFe"
"149","9980",10.76,6.48,0.873901597864461,12.3125990686984,"BFe"
"150","12132",15.23,20.33,1.32899085544943,11.4598230210167,"BFe"
"151","13529",14.6,14.35,1.18610837981321,12.3091618341819,"BFe"
"152","13842",15.88,17.43,1.26552533521907,12.5481486289257,"BFe"
"153","14170",22.96,72.68,1.86734961718879,12.2955014897345,"BFe"
"154","15141",14.41,21.52,1.35256838617931,10.6538051216064,"BFe"
"155","15494",12.92,7.84,0.946452265013073,13.6509790061325,"BFe"
"156","20569",14.75,12.42,1.12775251583297,13.0791107028526,"BFe"
"157","22752",14.4,26.18,1.43424945239648,10.0400944730634,"BFe"
"158","23886",13.65,18.82,1.29710365014926,10.5234458313561,"BFe"
"159","J2215C",17.96,14.66,1.19479175772192,15.0319081830995,"BFe"
"160","F0845A",12.41,5.53,0.814913181275074,15.2286161092429,"BFe"
"161","N0723A",6.62,5.83,0.834420703681533,7.93364782392385,"BFe"
"162","S1124A",18.04,21.25,1.34733001531695,13.3894441561567,"BFe"
"163","ARA69AF",11.02,7.65,0.937016107464814,11.7607369950295,"BFe"
"164","ARA48AC",18.03,55.43,1.75151005027004,10.2939746176279,"BFe"
"165","ARD28DB",12.41,20.48,1.33203427702752,9.31657706864223,"BFe"
"166","ARA63AE",11.43,4.47,0.737987326333431,15.4880708545336,"BFe"
"167","ARD12DB",19.42,17.3,1.26245108973043,15.3827741589155,"BFe"
"168","231",17.04,29.01,1.47726599542485,11.5348217942967,"BFe"
"169","715",15.33,18.36,1.28690535297237,11.9122979515099,"BFe"
"170","2595",23.6,60.22,1.78689332526132,13.2072797331361,"BFe"
"171","5777",12.43,7.25,0.916453948549925,13.563147411463,"BFe"
"172","5976",21.57,57.72,1.76878604690801,12.1948044749144,"BFe"
"173","6205",14.28,23.14,1.38273726576133,10.3273415373943,"BFe"
"174","6581",15.03,14.8,1.19865708695442,12.5390323584442,"BFe"
"175","12907",11.32,2.88,0.588831725594207,19.2245076275003,"BFe"
"176","13365",18.41,57.75,1.76900787094377,10.4069633054703,"BFe"
"177","13624",11.33,5.32,0.800717078282385,14.1498168420535,"BFe"
"178","17083",15.73,17.31,1.2626883443017,12.4575474787479,"BFe"
"179","20281",11.22,6.92,0.898725181589494,12.4843503106881,"BFe"
"180","21959",12.42,13.63,1.16524432612531,10.6587088403161,"BFe"
"181","22748",17.38,38.46,1.59615708091617,10.8886526318726,"BFe"
"182","23753",18.05,29.57,1.48529543872609,12.1524644386447,"BFe"
"183","ARA65AF",17.91,56.2,1.75739602879302,10.1912145620931,"BFe"
"184","ARA54AA",15.71,20.09,1.32407657973949,11.8648726519209,"BFe"
"185","ARA49AB",14.15,22.26,1.36660971039243,10.3540900466284,"BFe"
"186","ARA63AS",11.01,7.09,0.907948521612272,12.1262381488867,"BFe"
"187","ARA60AE",16.65,31.83,1.51627088272934,10.9808875113591,"BFe"
"188","ARD21DB",17.89,53.45,1.73599788409179,10.3053120997088,"BFe"
"189","ARB24BB",17.34,14.12,1.17955179116519,14.7004990623355,"BFe"
"190","ARD11DA",11.71,10.34,1.05461305455689,11.1035985657509,"BFe"
"191","O1015B",14.19,6.82,0.893206753059848,15.8865793965277,"BFe"
"192","350",14.14,11.26,1.0884904701824,12.9904674292928,"BFe"
"193","2174",15.05,15.12,1.20736503746907,12.4651613496681,"BFe"
"194","3637",15.6,19.81,1.31827208021163,11.8336724521206,"BFe"
"195","5450",13.01,10.95,1.07736790528416,12.0757263476942,"BFe"
"196","6233",13.01,17.09,1.25743856685981,10.3464299114745,"BFe"
"197","6657",12.75,5.1,0.785329835010767,16.2352166333082,"BFe"
"198","11078",16.83,21.39,1.35005409357903,12.4661671558531,"BFe"
"199","13020",12.92,10.24,1.05076631123304,12.2957881898962,"BFe"
"200","21191",12.87,5.89,0.838219221907626,15.353978605633,"BFe"
"201","22751",10.82,8.54,0.979548374704095,11.045906745819,"BFe"
"202","M1532A",12.99,10.84,1.0733517023869,12.1022773533717,"BFe"
"203","ARA40AE",12.04,12.39,1.12678057701201,10.6853102064713,"BFe"
"204","2301",11.91,9.64,1.02694162795903,11.5975433030894,"BFe"
"205","2620",16.23,31.63,1.51361707378787,10.7226591725633,"BFe"
"206","8968",19.48,25.93,1.43023635341151,13.6201264591931,"BFe"
"207","10295",18.49,30.39,1.49679131570004,12.3530914470547,"BFe"
"208","19234",10.65,4.86,0.767897616018091,13.8690364155905,"BFe"
"209","574",15.9,16.75,1.24919835739111,12.7281627500746,"BFe"
"210","9384",13.21,4.59,0.747411807886423,17.6743260684576,"BFe"
"211","13344",13.02,11.62,1.10105935490812,11.824975594605,"BFe"
"212","13691",14.86,17.84,1.27508089845686,11.6541625068527,"BFe"
"213","16572",12.56,5.34,0.802089257881733,15.6591051140246,"BFe"
"214","6187",10.064,8.36,0.971275848738105,10.3616289986777,"BQu"
"215","11177",9.797,4.98,0.776701183988411,12.6136025050094,"BQu"
"216","11419",11.124,8.85,0.993436230497612,11.1974977945268,"BQu"
"217","12167",5.789,1.47,0.392696953259666,14.7416473490491,"BQu"
"218","10496",9.742,8.58,0.981365509078544,9.9269842987933,"BQu"
"219","3573",11.304,14.98,1.20357677497797,9.39200575734513,"BQu"
"220","23368",9.898,6.78,0.890979596989689,11.109120829974,"BQu"
"221","J1045A",7.536,2.62,0.558708570533166,13.4882484312144,"BQu"
"222","ARD23DA",13.98,15.31,1.21245396104028,11.5303347172088,"BQu"
"223","ARD06DB",8.849,6.28,0.862131379313037,10.2640968793539,"BQu"
"224","ARB24BF",10.546,10.81,1.07224989761351,9.83539380462709,"BQu"
"225","ARA81AB",10.122,10.93,1.07664044367034,9.40146736963865,"BQu"
"226","ARA40AD",11.429,9.74,1.03100428136354,11.0853079920141,"BQu"
"227","K0808A",4.491,4.12,0.709269960975831,6.33186268571303,"BQu"
"228","24041",9.703,5.24,0.795184589682424,12.2021982391222,"BQu"
"229","3817",13.421,14.24,1.18298496700358,11.3450300505462,"BQu"
"230","22180",11.833,12.07,1.11627558758054,10.6004289009377,"BQu"
"231","20167",17.655,39.68,1.60938094425071,10.9700565693101,"BQu"
"232","15492",14.983,22.3,1.36735592102602,10.9576444359544,"BQu"
"233","10908",12.288,20.07,1.3236645356081,9.28331889949353,"BQu"
"234","3195",5.473,1.28,0.357934847000454,15.2904922386421,"BQu"
"235","13201",13.42,14.28,1.18412335423967,11.3332787094779,"BQu"
"236","9442",12.45,11.14,1.08421868673924,11.4829232813198,"BQu"
"237","7956",9.772,4.12,0.709269960975831,13.7775466855461,"BQu"
"238","ARA57AA",14.442,12.66,1.13545069934551,12.7191783917387,"BQu"
"239","6145",18.116,39.74,1.61002102466415,11.2520269751006,"BQu"
"240","5062",11.864,8.62,0.983175072037813,12.0670268575968,"BQu"
"241","F0650A",10.986,5.52,0.81424759573192,13.4922105482237,"BQu"
"242","1476",NA,5.76,0.829946695941636,NA,"BQu"
"243","13131",NA,3.97,0.696356388733332,NA,"BQu"
"244","10052",NA,15.78,1.22479195649268,NA,"BQu"
"245","N1223A",NA,7.54,0.931457870689005,NA,"BQu"
"246","3123",17.083,22.07,1.36304759452109,12.5329446078529,"BQu"
"247","ARD04DB",16.983,35.11,1.55762748842683,10.9031203713235,"BQu"
"248","12110",10.538,5.38,0.804820678721162,13.093599951662,"BQu"
"249","4839",10.42,7.45,0.926856708949692,11.2422987279316,"BQu"
"250","11100",9.369,6.13,0.853089529851866,10.9824346357022,"BQu"
"251","3922",12.592,15.18,1.20897851727625,10.4154042607547,"BQu"
"252","21217",9.654,5.53,0.814913181275074,11.846660750897,"BQu"
"253","374",23.082,87.41,1.94650139056959,11.8581985668378,"BQu"
"254","ARA75AA",9.928,10.82,1.07261747654524,9.25586261374075,"BQu"
"255","ARA75AC",8.214,5.66,0.823474229170301,9.97481124366951,"BQu"
"256","L1115A",11.654,7.71,0.940018155007663,12.397632894553,"BQu"
"257","F1147A",7.685,3.85,0.685741738602264,11.2068429955339,"BQu"
"258","D0613A",7.801,3.43,0.64640372622307,12.0683091441647,"BQu"
"259","3137",8.901,5.15,0.788875115775417,11.2831547376809,"BQu"
"260","24409",18.603,29.51,1.48444220764241,12.5319799613791,"BQu"
"261","ARB24BM",NA,14.38,1.18695633546541,NA,"BQu"
"262","4386",11.714,7.29,0.918554530550273,12.7526451728267,"BQu"
"263","20",17.341,58.41,1.77385955237669,9.77585850963558,"BQu"
"264","1321",NA,12.56,1.13225968953104,NA,"BQu"
"265","11313",NA,7.06,0.906335041805091,NA,"BQu"
"266","ARA--H",16.938,23.04,1.3809344633307,12.265607420027,"BQu"
"267","ARB24BA",16.4334,39.2,1.60422605308447,10.243818175377,"BQu"
"268","ARA49AJ",14.448,26.61,1.44106640663926,10.0259085448355,"BQu"
"269","M1326A",8.946,3.68,0.670245853074124,13.3473410674137,"BQu"
"270","F0629B",8.323,4.26,0.720985744153739,11.5439175704773,"BQu"
"271","22323",12.329,15.72,1.223236273103,10.079001310781,"BQu"
"272","22747",13.539,19.45,1.31069331234336,10.3296475784971,"BQu"
"273","15869",8.649,3.12,0.614897216033135,14.0657654230361,"BQu"
"274","ARD19DB",11.775,10.91,1.07591176148278,10.9442060413692,"BQu"
"275","2090",13.168,13.73,1.16820274684263,11.2720159540713,"BQu"
"276","K0515A",NA,8.02,0.955206537541942,NA,"BQu"
"277","ARD01DD",10.343,7.15,0.911157608739977,11.3514938587882,"BQu"
"278","1913",11.603,5.49,0.812244696800369,14.2851040403305,"BQu"
"279","ARA30AF",13.304,10.79,1.07151380509509,12.4160789499295,"BQu"
"280","699",13.841,9.77,1.03221570329798,13.4090190216805,"BQu"
"281","H0752A",15.833,18.16,1.28239550474253,12.3464250626634,"BQu"
"282","12929",12.445,13.85,1.17172645365323,10.6210796566031,"BQu"
"283","10254",14.718,17.66,1.27091163941048,11.5806634730539,"BQu"
"284","4995",9.031,7.26,0.916980047320382,9.84863304974909,"BQu"
"285","ARB37BA",11.03,8.59,0.981818607170664,11.2342543922502,"BQu"
"286","ARA49AC",10.63,49.76,1.70552161342267,6.2326973263432,"BQu"
"287","14981",11.227,9.45,1.01911629044707,11.0164071610266,"BQu"
"288","6151",15.125,20.09,1.32407657973949,11.4230553061937,"BQu"
"289","19149",17.884,41.83,1.63174807439657,10.9600251905391,"BQu"
"290","9160",NA,25.1,1.41664050733828,NA,"BQu"
"291","14405",NA,29.16,1.47943133719774,NA,"BQu"
"292","3703",13.954,17.65,1.27067883614471,10.9815317632401,"BQu"
"293","ARD12DA",14.251,34.75,1.5532760461371,9.17480188755975,"BQu"
"294","ARA06AB",19.797,86.94,1.94418646128369,10.1826652917481,"BQu"
"295","9362",17.652,20.9,1.34044411484012,13.1687698163421,"BQu"
"296","18431",11.794,8.45,0.975431808509263,12.0910553634955,"BQu"
"297","21152",12.54,11.44,1.0948203803548,11.4539336543371,"BQu"
"298","9854",11.353,9.13,1.00560944536028,11.2896712062331,"BQu"
"299","10696",11.703,13.16,1.15106325335375,10.1671215425408,"BQu"
"300","9466",12.339,21.19,1.34615730223201,9.16609075294634,"BQu"
"301","K1030A",6.855,2.55,0.550228353055094,12.4584637667947,"BQu"
"302","ARD28DC",19.79,43.5,1.64836001098093,12.0058724235994,"BQu"
"303","529",19.046,43.22,1.6456187382427,11.5737622314259,"BQu"
"304","4038",11.31,7.48,0.928395852256714,12.1823034565568,"FNy"
"305","4938",6.83,4.77,0.761175813155731,8.97295983655044,"FNy"
"306","5156",12.07,10.11,1.04571405894087,11.5423522298485,"FNy"
"307","5902",8.55,4.62,0.749736315569061,11.4040094129766,"FNy"
"308","6921",7.03,5.23,0.79448804665917,8.84846541060148,"FNy"
"309","6937",6.37,3.17,0.620136054973757,10.2719394379828,"FNy"
"310","6940",4.84,3.37,0.640481436970422,7.55681542137109,"FNy"
"311","7787",6.7,4.36,0.72916478969277,9.18859508126141,"FNy"
"312","10185",9.11,9.98,1.04060234011407,8.75454498689801,"FNy"
"313","10194",7.35,4.28,0.722633922533812,10.1711250618131,"FNy"
"314","11312",8.2,5.3,0.799340549453582,10.2584561806672,"FNy"
"315","12388",10.13,11.72,1.1044871113124,9.17167787314705,"FNy"
"316","12477",15.49,41.45,1.62787769457997,9.51545687466205,"FNy"
"317","13664",7.9,6.37,0.867467487859051,9.10696955282734,"FNy"
"318","14188",6.94,3.85,0.685741738602264,10.1204281573201,"FNy"
"319","14640",9.21,8.8,0.991226075692495,9.29152312056124,"FNy"
"320","14670",9.82,7.71,0.940018155007663,10.4466067465686,"FNy"
"321","14874",10.02,9.41,1.01745072951054,9.84814272512273,"FNy"
"322","14911",11.84,13.07,1.14829409743475,10.3109473665764,"FNy"
"323","14959",7.85,4.39,0.731588765186739,10.7300718293511,"FNy"
"324","15124",9.46,11.12,1.08350261983027,8.73094335617013,"FNy"
"325","15213",7.69,4.24,0.719331286983727,10.6904845363329,"FNy"
"326","15794",12.62,26.82,1.44435712565603,8.73745126868674,"FNy"
"327","16212",14.45,18.34,1.28645646974698,11.2324049354285,"FNy"
"328","16372",11.91,7.25,0.916453948549925,12.9957430145233,"FNy"
"329","17324",11.13,15.59,1.21984638602436,9.12409966329788,"FNy"
"330","20051",3.92,3.17,0.620136054973757,6.3211935002971,"FNy"
"331","20731",11.46,25.47,1.42275394130135,8.0548010919709,"FNy"
"332","20808",9.13,8.48,0.976808337338066,9.34676706884021,"FNy"
"333","21200",7.38,6.81,0.8926510338773,8.26750848866929,"FNy"
"334","21443",11.6,14.1,1.17897694729317,9.83903886045661,"FNy"
"335","22089",10.14,6.13,0.853089529851866,11.8862084753997,"FNy"
"336","24371",6.6,11.03,1.08026562733984,6.10960844533442,"FNy"
"337","K1318A",3.98,1.15,0.332438459915605,11.9721406512664,"FNy"
"338","L0818B",4.69,2.02,0.480006942957151,9.77069200521682,"FNy"
"339","L0821C",4.71,1.94,0.468347330412157,10.0566389390009,"FNy"
"340","J2017C",4.7,2.2,0.505149978319906,9.3041674784029,"FNy"
"341","J1328A",5.63,3.81,0.682145076373832,8.25337629046321,"FNy"
"342","J1030B",3.3,0.72,0.235528446907549,14.0110464078903,"FNy"
"343","J1237A",4.17,0.5,0.176091259055681,23.6809028589058,"FNy"
"344","J1039A",4.58,0.98,0.296665190261531,15.4382790780489,"FNy"
"345","J1239A",3.5,1.35,0.371067862271736,9.43223694601964,"FNy"
"346","H1042A",5.3,2.6,0.556302500767287,9.52719067897395,"FNy"
"347","I1747A",8.8,5.21,0.79309160017658,11.095817933314,"FNy"
"348","I0842A",4.85,1.69,0.429752280002408,11.2855713062717,"FNy"
"349","G1150A",6.97,4.28,0.722633922533812,9.64527097698471,"FNy"
"350","K1432A",6.69,3.51,0.65417654187796,10.2265972130319,"FNy"
"351","G0624A",11.59,13.27,1.15442397311465,10.0396390493608,"FNy"
"352","G1133A",6.84,3.48,0.651278013998144,10.5024273090531,"FNy"
"353","L1420B",4.4,1.61,0.416640507338281,10.5606630236448,"FNy"
"354","L0715A",5.58,2.32,0.521138083704036,10.7073349165727,"FNy"
"355","L0331A",8.8,4.84,0.766412847112399,11.482062224238,"FNy"
"356","L0831B",3.38,0.35,0.130333768495006,25.9334172488806,"FNy"
"357","M0327A",3.89,2.01,0.478566495593843,8.12844199461347,"FNy"
"358","N1115B",3.72,1.86,0.456366033129043,8.15135161241968,"FNy"
"359","N1120A",6.16,2.44,0.53655844257153,11.4805760402862,"FNy"
"360","ARA48AM",11.61,10.14,1.04688519083771,11.0900412973745,"FNy"
"361","ARD19DA",13.37,9.67,1.02816441942447,13.0037567410513,"FNy"
"362","ARD07DD",15.57,10.6,1.06445798922692,14.6271625161158,"FNy"
"363","ARD07DB",17.87,34.24,1.54703589974001,11.5511217309199,"FNy"
"364","ARD03DF",13.63,8.08,0.958085848521085,14.226282562298,"FNy"
"365","ARA__BB",21.32,15.97,1.22968184231768,17.3378180162574,"FNy"
"366","3876",15.86,83.52,1.92695948838028,8.23058299649635,"FNy"
"367","3878",11.38,20.62,1.33485568961729,8.52526613065019,"FNy"
"368","4656",8.29,10.29,1.05269394192497,7.87503344499239,"FNy"
"369","5343",10.48,6.75,0.88930170250631,11.7845270850875,"FNy"
"370","6191",14.42,24.12,1.40001963506516,10.2998555440466,"FNy"
"371","6342",7.12,5.19,0.791690649020118,8.99341176861503,"FNy"
"372","6885",11.76,26.14,1.43360984332372,8.20306867643662,"FNy"
"373","7931",9.13,10.04,1.04296907339318,8.75385496359599,"FNy"
"374","8878",9.57,11.27,1.088844562727,8.78913329560281,"FNy"
"375","9918",6.61,5.37,0.80413943233535,8.21996750091398,"FNy"
"376","10528",10.08,9.78,1.03261876085072,9.76158906089952,"FNy"
"377","10724",16.95,71.31,1.85919836153388,9.11683247505441,"FNy"
"378","11122",11.33,16.22,1.23603314711764,9.16642084107612,"FNy"
"379","11766",9.49,10.28,1.05230909964732,9.01826279291943,"FNy"
"380","11865",11.59,17.99,1.27852496473702,9.06513390012996,"FNy"
"381","12102",15.77,50.9,1.71516735784846,9.19443804001857,"FNy"
"382","12839",8.2,13.25,1.15381486434453,7.1068593874099,"FNy"
"383","14080",10.42,19.71,1.31618009889345,7.9168496839911,"FNy"
"384","14512",8.45,8.05,0.956648579205203,8.83291961507994,"FNy"
"385","14804",7.37,4.47,0.737987326333431,9.98662136464679,"FNy"
"386","14848",9.3,12.85,1.14144977340047,8.14753326578232,"FNy"
"387","15224",14.07,23.91,1.39637372753651,10.076099057537,"FNy"
"388","16077",9.16,4.12,0.709269960975831,12.9146876422025,"FNy"
"389","16596",15.59,29.74,1.48770386316373,10.4792360805238,"FNy"
"390","16710",12.59,35.3,1.55990662503611,8.070995915995,"FNy"
"391","20225",12.68,34.25,1.54715912132742,8.19566638311962,"FNy"
"392","21027",18.58,60.21,1.78682237949919,10.3983474872346,"FNy"
"393","21114",12.15,25.04,1.41564097989615,8.58268457366307,"FNy"
"394","22819",10.03,19.64,1.31470969295517,7.62906066163915,"FNy"
"395","23461",6.56,4.67,0.753583058892907,8.7050789194191,"FNy"
"396","23684",15.2,39.06,1.60271094495756,9.48393099068936,"FNy"
"397","23762",14.26,62.12,1.80016699020136,7.92148732735339,"FNy"
"398","K1426A",6.71,5.64,0.822168079368018,8.161348230836,"FNy"
"399","I1225A",7.35,5.19,0.791690649020118,9.28392928361242,"FNy"
"400","J2215H",10.48,17.36,1.26387267686522,8.29197449381807,"FNy"
"401","F1336B",6.97,4.71,0.756636108245848,9.21182576940313,"FNy"
"402","K1024B",6.01,4.14,0.710963118995276,8.45332175386714,"FNy"
"403","L1319C",6.9,2.91,0.592176757395867,11.651926411876,"FNy"
"404","N0913A",6.01,2.87,0.587710965018911,10.2261151445534,"FNy"
"405","Q1328A",10.84,6.27,0.861534410859038,12.582202014649,"FNy"
"406","ARD06DB",16.86,19.66,1.3151303171836,12.8200223047905,"FNy"
"407","3961",10.79,12.42,1.12775251583297,9.56770199890032,"FNy"
"408","4873",7.13,4.09,0.706717782336759,10.0888928766228,"FNy"
"409","5044",7.99,9.73,1.03059972196595,7.75276747092308,"FNy"
"410","5097",9.57,14.77,1.1978316933289,7.98943629000494,"FNy"
"411","5796",9.35,11.09,1.08242630086077,8.63800149032285,"FNy"
"412","5810",7.9,3.77,0.678518379040114,11.6430154938116,"FNy"
"413","6188",10.11,14.66,1.19479175772192,8.46172559750199,"FNy"
"414","6190",15.33,27.93,1.46134843364798,10.4903113090774,"FNy"
"415","6412",6.35,3.02,0.60422605308447,10.5093118172981,"FNy"
"416","10401",8.89,9.89,1.03702787975578,8.57257569786228,"FNy"
"417","11213",7.21,3.72,0.673941998634088,10.698250019457,"FNy"
"418","11285",9.42,9.498,1.02110656843212,9.22528587242772,"FNy"
"419","11299",6.19,3.54,0.657055852857104,9.42081251248849,"FNy"
"420","11410",8.84,5.27,0.797267540830716,11.0878714449972,"FNy"
"421","12062",7.48,11.22,1.08707120590654,6.88087400287844,"FNy"
"422","13277",8.92,6.73,0.888179493918325,10.0430150223895,"FNy"
"423","13983",8.01,8.38,0.972202838379065,8.23902140972446,"FNy"
"424","14530",12.51,22.03,1.36229393796423,9.18304020253848,"FNy"
"425","15682",12.14,36.36,1.57240686755806,7.72064803993981,"FNy"
"426","17817",11.06,10.82,1.07261747654524,10.3112248698603,"FNy"
"427","19174",13.63,38.56,1.59725628292514,8.53338324331938,"FNy"
"428","23550",9.01,6.79,0.891537457672564,10.1061373501024,"FNy"
"429","K0523A",7.17,3.19,0.622214022966295,11.523366133438,"FNy"
"430","M0231A",7.4,9.01,1.00043407747932,7.39678922038017,"FNy"
"431","F1547D",5.23,2.13,0.495544337546448,10.5540505737487,"FNy"
"432","I1649C",7.93,4.6,0.7481880270062,10.5989399907014,"FNy"
"433","K0631A",7.29,4.49,0.739572344450092,9.85704786652139,"FNy"
"434","J2217A",8.27,6.75,0.88930170250631,9.29943120168638,"FNy"
"435","L1526A",5.53,1.94,0.468347330412157,11.8074762914384,"FNy"
"436","L1319A",10.34,11.87,1.10957854690439,9.31885356728243,"FNy"
"437","M1215A",9.37,11.69,1.1034616220947,8.4914597955957,"FNy"
"438","R1229A",9.03,2.3,0.518513939877887,17.4151537799092,"FNy"
"439","5172",8.45,8.01,0.954724790979063,8.8507181125302,"FNy"
"440","5175",13.76,36.61,1.5753033334224,8.73482567329172,"FNy"
"441","5194",7.76,7.71,0.940018155007663,8.25515971011936,"FNy"
"442","5353",11.92,25.77,1.42764837118693,8.34939487941966,"FNy"
"443","5356",7.48,10.96,1.07773117965239,6.94050626095143,"FNy"
"444","5556",11.02,12.46,1.12904505988796,9.76046075706986,"FNy"
"445","5660",8.82,5.17,0.790285164033242,11.1605283781197,"FNy"
"446","6156",10.01,14.57,1.19228861256812,8.39561822069158,"FNy"
"447","6235",11.11,15.05,1.20547503674089,9.2162837565155,"FNy"
"448","6338",7.92,5.51,0.813580988568192,9.73474074650918,"FNy"
"449","6615",9.39,5.24,0.795184589682424,11.808578941086,"FNy"
"450","6728",12.21,18.57,1.291590825658,9.45345829146751,"FNy"
"451","6840",10.47,11.27,1.088844562727,9.61569755537737,"FNy"
"452","7260",8.13,7.47,0.927883410330707,8.76187666411924,"FNy"
"453","7663",7.07,4.24,0.719331286983727,9.82857290921637,"FNy"
"454","7765",5.95,1.85,0.45484486000851,13.0813833971624,"FNy"
"455","7987",7.49,5.99,0.844477175745681,8.86939305776531,"FNy"
"456","8293",11.37,14.91,1.20167017964658,9.46183086888616,"FNy"
"457","8367",9.73,17.51,1.2674064187529,7.67709540999017,"FNy"
"458","8514",10.6,20.62,1.33485568961729,7.94093330271459,"FNy"
"459","9593",6.55,3.885,0.688864568054792,9.50840020484116,"FNy"
"460","10116",7.35,6.28,0.862131379313037,8.52538276226139,"FNy"
"461","10444",11.91,24.39,1.40466270087372,8.4789038625371,"FNy"
"462","10809",7.39,4.21,0.716837723299524,10.3091672770577,"FNy"
"463","11666",6.81,6.04,0.847572659142112,8.03470938632315,"FNy"
"464","12063",8.22,3.67,0.669316880566112,12.2811783755513,"FNy"
"465","12600",11.82,12.37,1.12613140726198,10.4961107769283,"FNy"
"466","12632",13.18,21.44,1.35102285258412,9.75557147296983,"FNy"
"467","12650",10.28,16.04,1.23146959043068,8.34774977789324,"FNy"
"468","12993",8.79,10.04,1.04296907339318,8.42786255531312,"FNy"
"469","13258",6.93,5.29,0.798650645445269,8.67713566566561,"FNy"
"470","13942",8.53,6.32,0.864511081058392,9.86684865803803,"FNy"
"471","14484",9.21,12.41,1.1274287778516,8.16903043538622,"FNy"
"472","14532",8.42,7.05,0.905795880367869,9.29569253128023,"FNy"
"473","14797",8.34,1.84,0.453318340047038,18.3976672974109,"FNy"
"474","15455",11.86,13.6,1.16435285578444,10.1859156707352,"FNy"
"475","16691",15.72,8.87,0.994317152669637,15.8098449350828,"FNy"
"476","19111",12.81,12.3,1.12385164096709,11.3983016379074,"FNy"
"477","20809",11.46,14.32,1.18525876529659,9.66877473134095,"FNy"
"478","21857",10.24,7.56,0.932473764677153,10.9815422030081,"FNy"
"479","22862",9.17,9.71,1.02978947083186,8.90473272424562,"FNy"
"480","23091",8.09,5.76,0.829946695941636,9.74761396070298,"FNy"
"481","23220",8.86,6.07,0.849419413796899,10.4306539927029,"FNy"
"482","I1351A",10.81,15.3,1.21218760440396,8.91776154179976,"FNy"
"483","K2216F",11.17,17.87,1.27577190016493,8.75548363979168,"FNy"
"484","K1625A",7.95,7.42,0.92531209149965,8.59169578894778,"FNy"
"485","L0818A",7.63,4.8,0.763427993562937,9.99439379264913,"FNy"
"486","L1231A",5.09,2.06,0.48572142648158,10.4792577030633,"FNy"
"487","H1018A",4.37,1.62,0.418301291319745,10.4470153228851,"FNy"
"488","G1148A",5.96,3.65,0.667452952889954,8.92946832311438,"FNy"
"489","H1246A",7.2,4.86,0.767897616018091,9.37624997110341,"FNy"
"490","M0623A",5.22,1.8,0.447158031342219,11.6737252472718,"FNy"
"491","M0622A",10.06,8.61,0.982723387668545,10.2368582311517,"FNy"
"492","Q1230H",5.39,1.81,0.44870631990508,12.0123113067367,"FNy"
"493","I0839A",6.31,2.46,0.539076098792777,11.7052119619675,"FNy"
"494","I1346C",7.71,1.61,0.416640507338281,18.5051617982503,"FNy"
"495","ARA77AC",9.27,10.55,1.06258198422816,8.72403272179843,"FNy"
"496","ARA65AK",12.39,16.87,1.25212455250564,9.89518173348346,"FNy"
"497","ARA48AG",10.01,6.03,0.846955325019824,11.8188052005762,"FNy"
"498","ARA45AE",9.4,6.53,0.876794976200701,10.7208643470242,"FNy"
"499","ARA63AT",11.7,5.01,0.77887447200274,15.0216760473809,"FNy"
"500","ARD26DA",15.56,14.43,1.18836592606315,13.0936100225859,"FNy"
"501","3872",9.12,11.41,1.09377178149873,8.33811966469222,"FNy"
"502","4745",11.9,21.7,1.35602585719312,8.7756438690868,"FNy"
"503","5068",8.09,12.16,1.11925588927794,7.22801646835121,"FNy"
"504","5114",9.32,10.89,1.07518185461869,8.66830105062115,"FNy"
"505","5448",9.23,7.62,0.935507265824713,9.86630498466854,"FNy"
"506","5449",16.11,54.41,1.7435881501599,9.23956726737479,"FNy"
"507","5684",9,12.53,1.13129779659762,7.9554649775395,"FNy"
"508","5969",14.33,31.69,1.51441492058037,9.46240016871223,"FNy"
"509","7851",11.31,17.89,1.27623195792183,8.86202537853445,"FNy"
"510","8922",9.65,11.37,1.09236969962912,8.83400555990921,"FNy"
"511","9400",11.51,38.06,1.59173223895184,7.2311157105038,"FNy"
"512","11032",9.63,9.58,1.02448566769917,9.39983867380738,"FNy"
"513","11097",11.01,14.54,1.1914510144649,9.24083312392395,"FNy"
"514","11407",8.23,9.04,1.001733712809,8.21575623817425,"FNy"
"515","11431",12.28,31.45,1.51121470113639,8.12591353880147,"FNy"
"516","11659",7.29,8.05,0.956648579205203,7.62035313537666,"FNy"
"517","11826",11.4,10.45,1.05880548667591,10.7668501376868,"FNy"
"518","12201",10.08,10.23,1.05037975626146,9.59652919804646,"FNy"
"519","12270",11.67,23.29,1.38542751480513,8.42339268946991,"FNy"
"520","13403",12.13,23.67,1.39216914948974,8.71302169312252,"FNy"
"521","13811",7.19,7.82,0.94546858513182,7.60469476518625,"FNy"
"522","14668",12.36,25.33,1.42045085910607,8.70146258194283,"FNy"
"523","15280",7.09,5.48,0.811575005870593,8.73609949630522,"FNy"
"524","16270",12.35,30.77,1.50201721482715,8.22227593538017,"FNy"
"525","16314",9.42,9.02,1.00086772153123,9.41183314972767,"FNy"
"526","17012",8.38,7.28,0.91803033678488,9.12823864769914,"FNy"
"527","18523",13.82,30.06,1.49220145139254,9.26148408923139,"FNy"
"528","19933",6.27,4.44,0.73559889969818,8.52366690947011,"FNy"
"529","20983",10.51,12.5,1.13033376849501,9.29813856131507,"FNy"
"530","21702",16.54,28.36,1.46775605124403,11.2689026122434,"FNy"
"531","23988",8.2,9.94,1.03901732199741,7.89207246731583,"FNy"
"532","H1037A",6.69,5.55,0.816241299991783,8.19610573499203,"FNy"
"533","J1337A",8.36,6.77,0.890421018800914,9.38881700171229,"FNy"
"534","I0741A",6.6,3.37,0.640481436970422,10.3047483018697,"FNy"
"535","J1046A",5.15,2.34,0.523746466811564,9.8330018937443,"FNy"
"536","I1546B",7.24,3.74,0.675778341674085,10.7135721190244,"FNy"
"537","K1425A",7.72,5.56,0.81690383937566,9.45031670545239,"FNy"
"538","I1246A",5.35,3.19,0.622214022966295,8.59832758910643,"FNy"
"539","J2218B",6.65,3.85,0.685741738602264,9.69752842163959,"FNy"
"540","G1245A",4.64,2.18,0.502427119984433,9.23517026736886,"FNy"
"541","L0715B",4.72,1.35,0.371067862271736,12.7200452529179,"FNy"
"542","H1033A",5.69,3.78,0.679427896612119,8.37469292675862,"FNy"
"543","H1338A",2.57,0.84,0.264817823009536,9.70478486226152,"FNy"
"544","H1547A",7.33,4.87,0.768638101247614,9.53634745415601,"FNy"
"545","F1313A",10.15,13.1,1.14921911265538,8.83208422852232,"FNy"
"546","G0850A",9.86,5.14,0.788168371141168,12.5100173529217,"FNy"
"547","L1522A",6.22,3.76,0.677606952720493,9.17936271909196,"FNy"
"548","L1319E",5.18,2.06,0.48572142648158,10.6645490966342,"FNy"
"549","P1017B",4.15,0.98,0.296665190261531,13.9888336624242,"FNy"
"550","I0843C",5.33,4.93,0.773054693364263,6.89472562000023,"FNy"
"551","I1346A",4.35,0.98,0.296665190261531,14.6629943208543,"FNy"
"552","F0526A",10.27,10.02,1.04218159451577,9.85432870244825,"FNy"
"553","ARA86AC",7.89,5.28,0.797959643737196,9.88771808439792,"FNy"
"554","ARA55A6",19.5,13.29,1.15503222879097,16.8826457945781,"FNy"
"555","4777",11.43,47.32,1.68412692561308,6.78689938755009,"FNy"
"556","6264",15.15,12.78,1.13924921757161,13.2982316479386,"FNy"
"557","7149",7.86,8.91,0.996073654485275,7.89098272462761,"FNy"
"558","7465",9.61,13.36,1.15715443990628,8.30485514170288,"FNy"
"559","9987",11.99,29.55,1.48501121457857,8.07401309989609,"FNy"
"560","10094",8.08,8.2,0.963787827345555,8.38358793371957,"FNy"
"561","11453",6.66,2.94,0.595496221825574,11.1839500502335,"FNy"
"562","11549",8.18,19.71,1.31618009889345,6.21495493426556,"FNy"
"563","11620",7.82,5.28,0.797959643737196,9.79999434980884,"FNy"
"564","12232",13.78,24.1,1.39967372148104,9.84515161534858,"FNy"
"565","12319",10.75,13.43,1.15926633109349,9.27310637052653,"FNy"
"566","13129",6.52,5.23,0.79448804665917,8.20654259987506,"FNy"
"567","13712",14.63,37.16,1.58160836603206,9.25007752500942,"FNy"
"568","14704",13.55,10.88,1.07481644064517,12.6068038109525,"FNy"
"569","14710",8.81,9.37,1.01577875638904,8.6731485026507,"FNy"
"570","14775",10.37,11.46,1.09551804232315,9.4658413639719,"FNy"
"571","15274",9.46,22.63,1.37346372163237,6.88769557652148,"FNy"
"572","16263",11.22,8.32,0.969415912353981,11.5739796067047,"FNy"
"573","16346",11.72,20.64,1.33525725643453,8.77733481209105,"FNy"
"574","16494",11.61,8.16,0.96189547366785,12.069918528392,"FNy"
"575","16641",11.98,20.97,1.34183005692051,8.92810526803521,"FNy"
"576","17738",8.98,10.03,1.04257551244019,8.6132849782573,"FNy"
"577","18900",12.77,35.12,1.55774774164147,8.19773295677751,"FNy"
"578","22798",10.64,29.79,1.4884096889032,7.14856942905321,"FNy"
"579","22897",11.18,9.13,1.00560944536028,11.1176362270489,"FNy"
"580","23191",15.07,31.91,1.51732788229437,9.93193374737992,"FNy"
"581","23939",7.22,3.63,0.665580991017953,10.8476655695313,"FNy"
"582","F1108A",5.72,2.26,0.513217600067939,11.1453699156903,"FNy"
"583","H1230B",6,3.24,0.627365856592733,9.56379748267847,"FNy"
"584","K0735A",13.02,20.19,1.32613095671079,9.81803488872135,"FNy"
"585","E0528A",9.27,8.94,0.997386384397313,9.29429170581825,"FNy"
"586","M0722A",7.93,3.76,0.677606952720493,11.7029495759484,"FNy"
"587","ARA80AA",21.7,30.01,1.49150176623733,14.5490944035175,"FNy"
"588","ARA61AG",8.55,2.71,0.569373909615046,15.0164941800383,"FNy"
"589","ARA63AK",14.65,18.18,1.28284860283464,11.4198978489189,"FNy"
"590","ARD26DD",14.22,9.48,1.02036128264771,13.93624027276,"FNy"
"591","4447",10.6,13.64,1.16554107672237,9.09448856989952,"FNy"
"592","4585",10.52,9.76,1.03181227133037,10.1956531166624,"FNy"
"593","5697",10.06,6.29,0.862727528317975,11.6606920143299,"FNy"
"594","6163",9.66,15.46,1.21642983087625,7.94127187183617,"FNy"
"595","6184",12.68,37.53,1.585799009013,7.99596917890119,"FNy"
"596","6189",8.47,10.61,1.06483221973857,7.95430476557092,"FNy"
"597","7350",13.39,39.87,1.61140463771159,8.30952058014154,"FNy"
"598","7575",9.19,13.12,1.14983469671578,7.9924531989241,"FNy"
"599","7676",8.86,7.67,0.93801909747621,9.44543669082889,"FNy"
"600","8183",9.01,15.36,1.2137832993353,7.42307132165526,"FNy"
"601","10095",10.23,18.27,1.28488171465545,7.9618223866959,"FNy"
"602","10558",13.87,26.61,1.44106640663926,9.62481668859832,"FNy"
"603","10686",11.31,14.73,1.19672872262329,9.45076339039305,"FNy"
"604","10692",13.57,17.05,1.25647720624168,10.8000367476542,"FNy"
"605","11095",5.03,3.91,0.691081492122968,7.27844698104718,"FNy"
"606","11637",8.59,11.04,1.08062648692181,7.94909259023333,"FNy"
"607","11651",6.72,5.2,0.792391689498254,8.48065431409955,"FNy"
"608","11910",10.22,13.19,1.15198239545747,8.87166335206142,"FNy"
"609","12294",12.66,19.68,1.3155505344219,9.62334754062732,"FNy"
"610","12513",12.52,30.4,1.49692964807321,8.3637865120216,"FNy"
"611","12854",10.26,13.08,1.14860265480609,8.93259297030973,"FNy"
"612","13259",8.99,9.3,1.01283722470517,8.87605607368638,"FNy"
"613","13587",11.4,22.16,1.3647385550554,8.35324828903749,"FNy"
"614","13717",5.11,8.71,0.987219229908005,5.17615525021345,"FNy"
"615","13930",7.34,2.56,0.551449997972875,13.310363635836,"FNy"
"616","13946",12.87,50.51,1.71189154988058,7.51799960745049,"FNy"
"617","14121",12.47,14.841,1.19978259396899,10.3935496836541,"FNy"
"618","17320",8.42,13.02,1.14674801363064,7.34250236313209,"FNy"
"619","18247",21.56,68.66,1.84298347012222,11.6984228830714,"FNy"
"620","19586",9.88,8.91,0.996073654485275,9.91894520602046,"FNy"
"621","20189",8.39,19.93,1.32076922833869,6.35235877697822,"FNy"
"622","20604",12.46,26.88,1.44529276942597,8.62109066313862,"FNy"
"623","21425B",14.09,28.92,1.47596158919242,9.54631889012056,"FNy"
"624","21850",10.84,11.15,1.08457627793433,9.99468660760838,"FNy"
"625","23773",12.75,15.56,1.21906033244886,10.4588752997874,"FNy"
"626","23967",15.8,56.39,1.75883622474696,8.98321275039302,"FNy"
"627","24222",6.24,7.39,0.9237619608287,6.75498696049591,"FNy"
"628","24584",10.06,12.42,1.12775251583297,8.92039685903032,"FNy"
"629","K0516C",5.38,3.96,0.695481676490197,7.73564592981168,"FNy"
"630","L1528A",5.34,2.1,0.491361693834273,10.8677580426143,"FNy"
"631","J1343D",5.83,2.85,0.585460729508501,9.95796934987311,"FNy"
"632","J2018E",6.74,7.16,0.911690158753861,7.39286251505943,"FNy"
"633","K0726A",7.57,6.09,0.850646235183066,8.89911656209337,"FNy"
"634","F0633A",10.02,11.91,1.11092624226642,9.01950068220373,"FNy"
"635","G1141A",5.38,2.89,0.589949601325708,9.11942306242823,"FNy"
"636","G1042B",3.89,1.18,0.338456493604605,11.4933531295884,"FNy"
"637","K1620A",7.72,4.1,0.707570176097936,10.9105785698512,"FNy"
"638","L1022B",6.56,4.32,0.725911632295048,9.03691263254709,"FNy"
"639","M1525A",9.68,7.91,0.949877704036875,10.1907855704593,"FNy"
"640","M1538A",17.89,74.18,1.87610232137779,9.5357272341424,"FNy"
"641","O1015A",13.28,12.88,1.14238946611884,11.6247570499031,"FNy"
"642","ARA65AN",13.41,17.34,1.263399331334,10.6142212263486,"FNy"
"643","6126",14.31,33.27,1.53491410442987,9.32299726655737,"FNy"
"644","8937",12.43,12.98,1.14550717140966,10.8510887668242,"FNy"
"645","12240",11.03,18.97,1.3003780648707,8.48214861352396,"FNy"
"646","14140",9.16,14.94,1.20248831706009,7.61753762597449,"FNy"
"647","14265",5.24,2.5,0.544068044350276,9.63114826245234,"FNy"
"648","15900",15.17,18.81,1.29688447553855,11.6972639322407,"FNy"
"649","15942",9.09,12.27,1.12287092286444,8.09532049936023,"FNy"
"650","16200",13.14,6.67,0.884795363948981,14.8508915568388,"FNy"
"651","17560",11.09,22.09,1.36342393291718,8.13393379143043,"FNy"
"652","20993",10.61,7.97,0.952792443044092,11.1356886564947,"FNy"
"653","22000",14.57,27.33,1.45224657452044,10.0327315317038,"FNy"
"654","23793",16.39,46.84,1.67979117098035,9.75716522574322,"FNy"
"655","934",18.411,80.44,1.91083776499268,9.63504089007289,"HLi"
"656","2064",12.137,20.92,1.34084054981233,9.0517847194424,"HLi"
"657","2866",10.888,10.8,1.07188200730613,10.1578344685195,"HLi"
"658","2983",19.496,70.32,1.85321133450332,10.5201169650871,"HLi"
"659","3300",8.097,5.29,0.798650645445269,10.1383502864206,"HLi"
"660","3336",17.758,55.2,1.74973631556906,10.1489577840902,"HLi"
"661","4756",9.885,10.35,1.05499586152914,9.36970500118588,"HLi"
"662","5755",14.834,28.44,1.46893780566546,10.0984534149694,"HLi"
"663","5690",18.083,58.49,1.77444396892497,10.1907979720292,"HLi"
"664","6298",16.681,34.11,1.54543082946535,10.793753872356,"HLi"
"665","9950",7.143,2.6,0.556302500767287,12.8401364188511,"HLi"
"666","10765",15.78,23.54,1.38987455839099,11.353542594713,"HLi"
"667","13223",17.159,47.62,1.68681495450732,10.1724258219016,"HLi"
"668","14298",10.976,7.82,0.94546858513182,11.6090583786765,"HLi"
"669","14316",9.127,4.43,0.734799829588847,12.4210698376277,"HLi"
"670","G0808A",8.239,4.24,0.719331286983727,11.4536933803442,"HLi"
"671","ARA40AA",14.493,20.34,1.32919441508845,10.9035968218656,"HLi"
"672","3727",7.566,8.14,0.960946195733831,7.87348972667735,"HLi"
"673","5518",9.599,6.07,0.849419413796899,11.3006600085728,"HLi"
"674","11247",19.47,72.98,1.86911432697938,10.4166982826914,"HLi"
"675","16715",17.163,53.47,1.73615737527313,9.88562456632131,"HLi"
"676","20510",13.09,23.42,1.38774565960886,9.43256418016066,"HLi"
"677","22121",12.783,24.47,1.40602894496362,9.09156247870188,"HLi"
"678","24272",9.428,10.87,1.07445071895459,8.77471607927553,"HLi"
"679","H0810A",18.466,68.39,1.84129688749028,10.0288009638519,"HLi"
"680","G0618A",10.46,9.56,1.02366391819779,10.2181974123063,"HLi"
"681","M0330A",15.945,29.48,1.48401496266756,10.7445008312708,"HLi"
"682","ARB02BA",17.944,33.89,1.54270096944811,11.6315477564128,"HLi"
"683","2259",17.524,29.54,1.4848690327204,11.8017142346181,"HLi"
"684","2992",15.848,26.73,1.44294986957786,10.9830565386422,"HLi"
"685","13245",10.014,8.65,0.984527313343793,10.1713785532156,"HLi"
"686","15658",13.574,17.03,1.2559957267224,10.8073616105544,"HLi"
"687","16045",11.846,15.08,1.20628604441243,9.82022469286714,"HLi"
"688","24288",17.519,77.87,1.89691184082603,9.23553726796877,"HLi"
"689","L0820A",19.042,43.32,1.64659975172037,11.5644375508407,"HLi"
"690","280",24.581,139.13,2.14653112200745,11.4514994672016,"HLi"
"691","605",14.55,43.18,1.64522571153542,8.84377134273031,"HLi"
"692","972",9.548,11.65,1.10209052551184,8.66353514432554,"HLi"
"693","6902",8.143,4.27,0.721810615212547,11.2813525159951,"HLi"
"694","11985",23.257,54.86,1.74710093136499,13.3117667001812,"HLi"
"695","13383",13.951,36.44,1.57333584006607,8.86714688925803,"HLi"
"696","15751",9.618,10.78,1.07114529045108,8.97917405392283,"HLi"
"697","20450",21.886,102.14,2.0134271270707,10.8700234072249,"HLi"
"698","22157",8.198,5.82,0.833784374656479,9.83227828343221,"HLi"
"699","J0917A",11.023,10.39,1.0565237240791,10.4332725794757,"HLi"
"700","126",18.031,52.75,1.73037846858764,10.4202637326602,"HLi"
"701","257",15.629,26.24,1.43520710324075,10.8897175639036,"HLi"
"702","265",12.025,13.79,1.16996817399689,10.2780573585346,"HLi"
"703","982",11.317,23.18,1.38345629652475,8.18023672191767,"HLi"
"704","1081",17.378,30.21,1.49429376866533,11.6295740264792,"HLi"
"705","8675",10.667,13.68,1.16672605558005,9.14267745113207,"HLi"
"706","10598",11.367,13.35,1.15685190107001,9.82580396806737,"HLi"
"707","10667",9.071,6.29,0.862727528317975,10.5143277596408,"HLi"
"708","11567",17.297,46.88,1.68015414173437,10.2948887666609,"HLi"
"709","11690",10.246,7.82,0.94546858513182,10.8369544595408,"HLi"
"710","11709",19.843,38.33,1.59472394640975,12.4429058989634,"HLi"
"711","12077",11.32,16.08,1.23248786635299,9.18467459926939,"HLi"
"712","14475",14.094,22.44,1.36995760734605,10.2879095852488,"HLi"
"713","14930",20.864,93.25,1.97428135887783,10.5678959618294,"HLi"
"714","17434",15.523,30.68,1.50078517291746,10.3432525055028,"HLi"
"715","20160",18.049,50.19,1.70918512955025,10.5600029440634,"HLi"
"716","24498",16.361,30.16,1.49359744900053,10.9540894107367,"HLi"
"717","K1313A",8.21,2.95,0.59659709562646,13.7613811065893,"HLi"
"718","K0725C",7.739,4.9,0.770852011642144,10.0395405124696,"HLi"
"719","J2109A",14.472,18.49,1.28981183911762,11.2202412484448,"HLi"
"720","K1011A",11.447,15.63,1.22089224921952,9.37592978194245,"HLi"
"721","ARD26DB",31.27,211.62,2.32760411381432,13.4344151629621,"HLi"
"722","ARD01DF",16.518,28.81,1.47436197603263,11.2034902340932,"HLi"
"723","ARD09DA",17.024,75.23,1.88212591977003,9.04509088429115,"HLi"
"724","3368",24.57,120.11,2.08318000412998,11.7944680494672,"HLi"
"725","15319",14.401,36.03,1.56855371204944,9.18106908891499,"HLi"
"726","18541",15.246,44.52,1.65820225338701,9.19429458551198,"HLi"
"727","18739",9.974,11.73,1.10482840365366,9.02764625440122,"HLi"
"728","22172",9.047,5.27,0.797267540830716,11.3475082537205,"HLi"
"729","1666",26.659,176.48,2.24914942004452,11.8529252713999,"HLi"
"730","2756",21.295,65.2,1.8208579894397,11.695036144226,"HLi"
"731","10498",29.341,316.12,2.50122363280518,11.7306583926258,"HLi"
"732","21966",10.434,12.89,1.14270224573762,9.13098756821366,"HLi"
"733","93",15.953,39.62,1.60873991906879,9.91645685601829,"HLi"
"734","5971",11.59,8.03,0.955687750313506,12.1273920233863,"NYr"
"735","4789",10.38,3.32,0.635483746814912,16.3340133434179,"NYr"
"736","4296",12.32,10.66,1.066698550423,11.5496547690203,"NYr"
"737","3779",22.54,38.31,1.59450304382009,14.1360658340287,"NYr"
"738","3628",16.18,20.79,1.33825723024626,12.0903512675382,"NYr"
"739","2056",12.77,8.13,0.960470777534299,13.2955632786485,"NYr"
"740","8668",12.16,4.87,0.768638101247614,15.8201889553257,"NYr"
"741","7802",9.9,2.64,0.561101383649056,17.6438702318225,"NYr"
"742","24093",9.94,6.57,0.879095879500073,11.3070715399698,"NYr"
"743","152616",10.13,5.68,0.824776462475546,12.2821157742488,"NYr"
"744","12334",11.65,9.17,1.00732095292274,11.5653307579848,"NYr"
"745","ARD03DB",15.7,30.34,1.49609899213257,10.4939580085011,"NYr"
"746","ARD04DC",7.13,1.53,0.403120521175818,17.6870182128245,"NYr"
"747","Q1229A",8.07,2.04,0.482873583608754,16.7124487110868,"NYr"
"748","ARA63AB",12.68,16.43,1.24129738710999,10.2151185780885,"NYr"
"749","ARD06DA",10.11,4.16,0.712649701627211,14.1864929949673,"NYr"
"750","ARA--N",11.75,5.701,0.826139617935915,14.2227775365101,"NYr"
"751","24526",12.06,5.97,0.843232778098009,14.3021005744137,"NYr"
"752","329",10.42,4.099,0.707485011967474,14.72822720445,"NYr"
"753","5220",12.61,10.84,1.0733517023869,11.74824614519,"NYr"
"754","11788",19.22,23.69,1.39252108993193,13.802304423942,"NYr"
"755","11444",12.7,9.08,1.00346053210951,12.656202803813,"NYr"
"756","12618",16.17,19.26,1.30663944102426,12.375257850264,"NYr"
"757","K1018A",9.74,2.49,0.54282542695918,17.9431535743672,"NYr"
"758","19072",11.72,5.15,0.788875115775417,14.8565974076644,"NYr"
"759","N1428A",8.55,1.94,0.468347330412157,18.2556821504156,"NYr"
"760","H0640A",7.29,1.72,0.434568904034199,16.7752453807102,"NYr"
"761","7848",13.5,15.98,1.22993768590793,10.9761658291122,"NYr"
"762","6276",13.87,12.33,1.12483014941386,12.330750564632,"NYr"
"763","16116",15.24,21.78,1.35755371974308,11.2260750925453,"NYr"
"764","18608",22.45,51.61,1.72106830179716,13.0442237397304,"NYr"
"765","18736",14.82,16.43,1.24129738710999,11.9391212403211,"NYr"
"766","5939",11.74,4.36,0.72916478969277,16.1006128737327,"NYr"
"767","11821",13.13,12.95,1.14457420760962,11.471514832945,"NYr"
"768","K0420C",8.62,2.77,0.576341350205793,14.9564142793539,"NYr"
"769","ARA25AA",20.26,41.73,1.6307328928172,12.4238617429244,"NYr"
"770","10000",16.26,16.76,1.24944296144258,13.0137993504133,"NYr"
"771","18917",11.61,4.14,0.710963118995276,16.3299609920795,"NYr"
"772","73",15.99,14.38,1.18695633546541,13.4714306855528,"NYr"
"773","J1724A",12.34,8.25,0.966141732739033,12.7724531317117,"NYr"
"774","F1516A",16.85,26.33,1.43663963169266,11.7287589930588,"NYr"
"775","5173",14.1,10.94,1.07700432679335,13.0918694096439,"NYr"
"776","10761",10.75,8.21,0.964259630196849,11.1484497155662,"NYr"
"777","1025",14.88,9.14,1.00603795499732,14.7906944525166,"NYr"
"778","510",12.92,7.2,0.913813852383717,14.1385468892792,"NYr"
"779","24521",14.06,8.34,0.970346876230093,14.4896637938638,"NYr"
"780","17040",9.81,3.61,0.663700925389648,14.7807538376426,"NYr"
"781","13493",12.61,13.82,1.17084820364331,10.7699699762631,"NYr"
"782","L1325A",8.3,1.12,0.326335860928751,25.4339194484425,"NYr"
"783","5806",17.2,14.79,1.19838213000829,14.3526839805939,"NYr"
"784","7681",12.32,6.75,0.88930170250631,13.8535661916295,"NYr"
"785","10685",19.64,26.56,1.44027921323559,13.6362448471909,"NYr"
"786","G0808B",8.76,3.15,0.618048096712093,14.1736541971437,"NYr"
"787","4809",14.69,16.88,1.2523675144599,11.72978365407,"NYr"
"788","11622",10.78,7.84,0.946452265013073,11.3899035360765,"NYr"
"789","14181",14.98,18.34,1.28645646974698,11.6443893379045,"NYr"
"790","F1013A",13.32,12.63,1.13449585583467,11.7408978900149,"NYr"
"791","6448",15.08,13.74,1.16849748352303,12.9054621106531,"NYr"
"792","21829",12.24,11.25,1.08813608870055,11.2485930088184,"NYr"
"793","H1039A",9.79,4.15,0.711807229041191,13.7537237619618,"NYr"
"794","20961",17.45,53.34,1.73511963408187,10.0569434275542,"NYr"
"795","12804",11.43,7.041,0.905310062116086,12.6255086277108,"NYr"
"796","11055",15.07,19.92,1.32056168019524,11.4118107665914,"NYr"
"797","N1017A",13.06,17.63,1.27021285489624,10.2817413236357,"NYr"
"798","M1327B",13.99,16.88,1.2523675144599,11.170842295469,"NYr"
"799","11031",19.28,26.6,1.44090908206522,13.3804417225037,"NYr"
"800","7763",17.72,15.54,1.21853550521653,14.542046517431,"NYr"
"801","K1523A",12.63,9.52,1.02201573981772,12.3579310062804,"NYr"
"802","24259",14.29,14.96,1.20303288701471,11.878312018103,"NYr"
"803","12895",10.2,6.96,0.900913067737669,11.3218470963173,"NYr"
"804","Q1230G",8.55,2.81,0.580924975675619,14.7179074028558,"NYr"
"805","F0621A",9.41,3.87,0.687528961214634,13.6866961696794,"NYr"
"806","11702",16.92,38.59,1.5975855017522,10.5909824428442,"NYr"
"807","4786",14.12,9.41,1.01745072951054,13.8778218841051,"NYr"
"808","11974",16.25,18.55,1.29114676173189,12.5857109986497,"NYr"
"809","1496",17.57,28.48,1.46952747918701,11.9562241937253,"NYr"
"810","ARA52AA",14.13,18.89,1.29863478312444,10.8806572745604,"NYr"
"811","22130",11.31,4.38,0.730782275666389,15.4765658344499,"NYr"
